,level_0,index,latitude,longitude,brightness,scan,track,acq_date,acq_time,satellite,confidence,version,bright_t31,frp,daynight,Coordenadas,Locacion,road,city,county,state,country,country_code,industrial,town,isolated_dwelling,hamlet,postcode,building,neighbourhood,region,suburb,amenity,man_made,village,office,historic,aeroway,tourism,state_district,highway,Comuna,REGION,PROVINCIA,COMUNA,ComunaUpper,raw
0,0,390,-34.10641,-70.46068000000001,303.07,2.41,1.5,2022-01-12,401,T,53,6.1NRT,287.67,24.81,N,"-34.10641,-70.46068000000001","Planta Caletones División El Teniente de Codelco, Caletones, Machalí, Provincia de Cachapoal, Región del Libertador General Bernardo O'Higgins, Chile",,,Provincia de Cachapoal,Región del Libertador General Bernardo O'Higgins,Chile,cl,Planta Caletones División El Teniente de Codelco,Machalí,,Caletones,,,,,,,,,,,,,,,Machalí,6,61,6108,MACHALÍ,"{'place_id': 282577281, 'licence': 'Data © OpenStreetMap contributors, ODbL 1.0. https://osm.org/copyright', 'osm_type': 'relation', 'osm_id': 1664171, 'lat': '-34.182453', 'lon': '-70.6511584', 'display_name': ""Machalí, Provincia de Cachapoal, Región del Libertador General Bernardo O'Higgins, Chile"", 'address': {'town': 'Machalí', 'county': 'Provincia de Cachapoal', 'state': ""Región del Libertador General Bernardo O'Higgins"", 'country': 'Chile', 'country_code': 'cl'}, 'boundingbox': ['-34.703403', '-34.0090745', '-70.7244661', '-70.0096881']}"
1,3,410,-32.79631,-70.94894000000001,302.36,1.23,1.1,2022-01-12,544,A,49,6.1NRT,288.07,8.42,N,"-32.79631,-70.94894000000001","Camino San José, Catemu, Provincia de San Felipe de Aconcagua, Región de Valparaíso, Chile",Camino San José,,Provincia de San Felipe de Aconcagua,Región de Valparaíso,Chile,cl,,Catemu,,,,,,,,,,,,,,,,,Catemu,5,57,5702,CATEMU,"{'place_id': 49300305, 'licence': 'Data © OpenStreetMap contributors, ODbL 1.0. https://osm.org/copyright', 'osm_type': 'node', 'osm_id': 4270237368, 'lat': '-32.6946303', 'lon': '-70.9344539', 'display_name': 'Villa las Palmas, Los Cerrillos, Catemu, Provincia de San Felipe de Aconcagua, Región de Valparaíso, Chile', 'address': {'neighbourhood': 'Villa las Palmas', 'village': 'Los Cerrillos', 'town': 'Catemu', 'county': 'Provincia de San Felipe de Aconcagua', 'state': 'Región de Valparaíso', 'country': 'Chile', 'country_code': 'cl'}, 'boundingbox': ['-32.7046303', '-32.6846303', '-70.9444539', '-70.9244539']}"
2,4,411,-34.10487,-70.45673000000001,308.16,1.12,1.06,2022-01-12,544,A,74,6.1NRT,288.38,12.03,N,"-34.10487,-70.45673000000001","Planta Caletones División El Teniente de Codelco, Caletones, Machalí, Provincia de Cachapoal, Región del Libertador General Bernardo O'Higgins, Chile",,,Provincia de Cachapoal,Región del Libertador General Bernardo O'Higgins,Chile,cl,Planta Caletones División El Teniente de Codelco,Machalí,,Caletones,,,,,,,,,,,,,,,Machalí,6,61,6108,MACHALÍ,"{'place_id': 282577281, 'licence': 'Data © OpenStreetMap contributors, ODbL 1.0. https://osm.org/copyright', 'osm_type': 'relation', 'osm_id': 1664171, 'lat': '-34.182453', 'lon': '-70.6511584', 'display_name': ""Machalí, Provincia de Cachapoal, Región del Libertador General Bernardo O'Higgins, Chile"", 'address': {'town': 'Machalí', 'county': 'Provincia de Cachapoal', 'state': ""Región del Libertador General Bernardo O'Higgins"", 'country': 'Chile', 'country_code': 'cl'}, 'boundingbox': ['-34.703403', '-34.0090745', '-70.7244661', '-70.0096881']}"
3,5,412,-38.16333,-72.41724,308.87,1.19,1.08,2022-01-12,546,A,52,6.1NRT,285.38,13.21,N,"-38.16333,-72.41724","Victoria, Provincia de Malleco, Región de la Araucanía, Chile",,,Provincia de Malleco,Región de la Araucanía,Chile,cl,,Victoria,,,,,,,,,,,,,,,,,Victoria,9,92,9211,VICTORIA,"{'place_id': 106748023, 'licence': 'Data © OpenStreetMap contributors, ODbL 1.0. https://osm.org/copyright', 'osm_type': 'way', 'osm_id': 25755547, 'lat': '-38.28101866639952', 'lon': '-72.23218527960503', 'display_name': 'San Francisco - Huillinlebu, Huillinlebu, Victoria, Provincia de Malleco, Región de la Araucanía, Chile', 'address': {'road': 'San Francisco - Huillinlebu', 'hamlet': 'Huillinlebu', 'town': 'Victoria', 'county': 'Provincia de Malleco', 'state': 'Región de la Araucanía', 'country': 'Chile', 'country_code': 'cl'}, 'boundingbox': ['-38.3216558', '-38.266091', '-72.2431755', '-72.1918221']}"
4,6,413,-38.17302,-72.4201,306.76,1.19,1.08,2022-01-12,546,A,31,6.1NRT,285.87,11.57,N,"-38.17302,-72.4201","Comunidad Ignacio Queipul Millanao, Victoria, Provincia de Malleco, Región de la Araucanía, Chile",,,Provincia de Malleco,Región de la Araucanía,Chile,cl,,Victoria,,Comunidad Ignacio Queipul Millanao,,,,,,,,,,,,,,,Victoria,9,92,9211,VICTORIA,"{'place_id': 106748023, 'licence': 'Data © OpenStreetMap contributors, ODbL 1.0. https://osm.org/copyright', 'osm_type': 'way', 'osm_id': 25755547, 'lat': '-38.28101866639952', 'lon': '-72.23218527960503', 'display_name': 'San Francisco - Huillinlebu, Huillinlebu, Victoria, Provincia de Malleco, Región de la Araucanía, Chile', 'address': {'road': 'San Francisco - Huillinlebu', 'hamlet': 'Huillinlebu', 'town': 'Victoria', 'county': 'Provincia de Malleco', 'state': 'Región de la Araucanía', 'country': 'Chile', 'country_code': 'cl'}, 'boundingbox': ['-38.3216558', '-38.266091', '-72.2431755', '-72.1918221']}"
5,7,414,-38.174609999999994,-72.41336,303.88,1.19,1.08,2022-01-12,546,A,57,6.1NRT,285.4,10.85,N,"-38.174609999999994,-72.41336","Comunidad Ignacio Queipul Millanao, Victoria, Provincia de Malleco, Región de la Araucanía, Chile",,,Provincia de Malleco,Región de la Araucanía,Chile,cl,,Victoria,,Comunidad Ignacio Queipul Millanao,,,,,,,,,,,,,,,Victoria,9,92,9211,VICTORIA,"{'place_id': 106748023, 'licence': 'Data © OpenStreetMap contributors, ODbL 1.0. https://osm.org/copyright', 'osm_type': 'way', 'osm_id': 25755547, 'lat': '-38.28101866639952', 'lon': '-72.23218527960503', 'display_name': 'San Francisco - Huillinlebu, Huillinlebu, Victoria, Provincia de Malleco, Región de la Araucanía, Chile', 'address': {'road': 'San Francisco - Huillinlebu', 'hamlet': 'Huillinlebu', 'town': 'Victoria', 'county': 'Provincia de Malleco', 'state': 'Región de la Araucanía', 'country': 'Chile', 'country_code': 'cl'}, 'boundingbox': ['-38.3216558', '-38.266091', '-72.2431755', '-72.1918221']}"
6,9,626,-41.39821,-73.46169,308.55,1.26,1.12,2022-01-12,1505,T,51,6.1NRT,297.81,5.67,D,"-41.39821,-73.46169","Liceo Punta de Rieles, Antonio Varas, Villa Oriente, Los Muermos, Provincia de Llanquihue, Región de Los Lagos, Chile",Antonio Varas,Los Muermos,Provincia de Llanquihue,Región de Los Lagos,Chile,cl,,,,,,,Villa Oriente,,,Liceo Punta de Rieles,,,,,,,,,Los Muermos,10,101,10106,LOS MUERMOS,"{'place_id': 168349714, 'licence': 'Data © OpenStreetMap contributors, ODbL 1.0. https://osm.org/copyright', 'osm_type': 'way', 'osm_id': 272554956, 'lat': '-41.39388589449934', 'lon': '-73.58056463684991', 'display_name': 'Los Muermos - Río Llico - Quenuir, Los Muermos, Provincia de Llanquihue, Región de Los Lagos, Chile', 'address': {'road': 'Los Muermos - Río Llico - Quenuir', 'city': 'Los Muermos', 'county': 'Provincia de Llanquihue', 'state': 'Región de Los Lagos', 'country': 'Chile', 'country_code': 'cl'}, 'boundingbox': ['-41.402977', '-41.3744374', '-73.6815274', '-73.5528754']}"
7,10,627,-45.581759999999996,-72.05587,309.07,1.67,1.27,2022-01-12,1507,T,37,6.1NRT,294.79,11.24,D,"-45.581759999999996,-72.05587","737, Libertad, Población Ampliación Pablo Neruda, Coyhaique, Provincia de Coyhaique, Región Aysén del General Carlos Ibáñez del Campo, 5952014, Chile",Libertad,Coyhaique,Provincia de Coyhaique,Región Aysén del General Carlos Ibáñez del Campo,Chile,cl,,,,,5952014,,Población Ampliación Pablo Neruda,,,,,,,,,,,,Coyhaique,11,111,11101,COYHAIQUE,"{'place_id': 232587274, 'licence': 'Data © OpenStreetMap contributors, ODbL 1.0. https://osm.org/copyright', 'osm_type': 'way', 'osm_id': 658611742, 'lat': '-45.5568807', 'lon': '-71.9913536', 'display_name': 'Coyhaique, Provincia de Coyhaique, Región Aysén del General Carlos Ibáñez del Campo, Chile', 'address': {'city': 'Coyhaique', 'county': 'Provincia de Coyhaique', 'state': 'Región Aysén del General Carlos Ibáñez del Campo', 'country': 'Chile', 'country_code': 'cl'}, 'boundingbox': ['-45.5598443', '-45.5568807', '-71.9913536', '-71.9896799']}"
8,11,636,-27.41912,-70.26568,324.9,1.25,1.11,2022-01-12,1501,T,69,6.1NRT,307.06,11.47,D,"-27.41912,-70.26568","Chañarcillo, Villa Las Industrias, Paipote, Copiapó, Provincia de Copiapó, Región de Atacama, 1535590, Chile",Chañarcillo,Copiapó,Provincia de Copiapó,Región de Atacama,Chile,cl,,,,,1535590,,Villa Las Industrias,,Paipote,,,,,,,,,,Copiapó,3,31,3101,COPIAPÓ,"{'place_id': 282378324, 'licence': 'Data © OpenStreetMap contributors, ODbL 1.0. https://osm.org/copyright', 'osm_type': 'relation', 'osm_id': 295922, 'lat': '-27.3664685', 'lon': '-70.3322753', 'display_name': 'Copiapó, Provincia de Copiapó, Región de Atacama, Chile', 'address': {'city': 'Copiapó', 'county': 'Provincia de Copiapó', 'state': 'Región de Atacama', 'country': 'Chile', 'country_code': 'cl'}, 'boundingbox': ['-28.183388', '-26.6643281', '-71.14235', '-68.2632053']}"
9,12,637,-27.420659999999998,-70.25326,323.77,1.25,1.11,2022-01-12,1501,T,59,6.1NRT,306.59,10.01,D,"-27.420659999999998,-70.25326","Cruce Ruta 31 CH - Fundición Paipote - Cruce C-33, Tierra Amarilla, Provincia de Copiapó, Región de Atacama, 1535590, Chile",Cruce Ruta 31 CH - Fundición Paipote - Cruce C-33,,Provincia de Copiapó,Región de Atacama,Chile,cl,,Tierra Amarilla,,,1535590,,,,,,,,,,,,,,Tierra Amarilla,3,31,3103,TIERRA AMARILLA,"{'place_id': 282557274, 'licence': 'Data © OpenStreetMap contributors, ODbL 1.0. https://osm.org/copyright', 'osm_type': 'relation', 'osm_id': 1572123, 'lat': '-27.4680505', 'lon': '-70.2649307', 'display_name': 'Tierra Amarilla, Provincia de Copiapó, Región de Atacama, 1580000, Chile', 'address': {'town': 'Tierra Amarilla', 'county': 'Provincia de Copiapó', 'state': 'Región de Atacama', 'postcode': '1580000', 'country': 'Chile', 'country_code': 'cl'}, 'boundingbox': ['-28.6426296', '-27.1543022', '-70.3813292', '-68.9721511']}"
10,13,638,-27.41915,-70.25936999999999,328.81,1.25,1.11,2022-01-12,1501,T,73,6.1NRT,307.25,17.43,D,"-27.41915,-70.25936999999999","Chañarcillo, Villa Las Industrias, Paipote, Copiapó, Provincia de Copiapó, Región de Atacama, 1535590, Chile",Chañarcillo,Copiapó,Provincia de Copiapó,Región de Atacama,Chile,cl,,,,,1535590,,Villa Las Industrias,,Paipote,,,,,,,,,,Copiapó,3,31,3101,COPIAPÓ,"{'place_id': 282378324, 'licence': 'Data © OpenStreetMap contributors, ODbL 1.0. https://osm.org/copyright', 'osm_type': 'relation', 'osm_id': 295922, 'lat': '-27.3664685', 'lon': '-70.3322753', 'display_name': 'Copiapó, Provincia de Copiapó, Región de Atacama, Chile', 'address': {'city': 'Copiapó', 'county': 'Provincia de Copiapó', 'state': 'Región de Atacama', 'country': 'Chile', 'country_code': 'cl'}, 'boundingbox': ['-28.183388', '-26.6643281', '-71.14235', '-68.2632053']}"
11,14,643,-37.09035,-72.43133,317.02,1.26,1.11,2022-01-12,1503,T,35,6.1NRT,304.29,8.17,D,"-37.09035,-72.43133","La Dehesa, Monte Águila, Cabrero, Provincia de Bío-Bío, Región del Biobío, Chile",La Dehesa,,Provincia de Bío-Bío,Región del Biobío,Chile,cl,,Monte Águila,,,,,,,,,,,,,,,,,Monte Águila,8,83,8303,,
12,15,644,-37.48174,-73.33484,313.99,1.16,1.07,2022-01-12,1503,T,38,6.1NRT,299.45,9.2,D,"-37.48174,-73.33484","Pedro Lagos, Población Eleuterio Ramírez, Curanilahue, Provincia de Arauco, Región del Biobío, Chile",Pedro Lagos,,Provincia de Arauco,Región del Biobío,Chile,cl,,Curanilahue,,,,,Población Eleuterio Ramírez,,,,,,,,,,,,Curanilahue,8,82,8205,CURANILAHUE,"{'place_id': 202587905, 'licence': 'Data © OpenStreetMap contributors, ODbL 1.0. https://osm.org/copyright', 'osm_type': 'way', 'osm_id': 454787973, 'lat': '-37.4854007', 'lon': '-73.2352821', 'display_name': 'Cruce Q-44-P (Curanilahue) - Cruce P-334 (Las Quemas), Población Forestal, Piedras Lisas, Curanilahue, Provincia de Arauco, Región del Biobío, Chile', 'address': {'road': 'Cruce Q-44-P (Curanilahue) - Cruce P-334 (Las Quemas)', 'neighbourhood': 'Población Forestal', 'hamlet': 'Piedras Lisas', 'town': 'Curanilahue', 'county': 'Provincia de Arauco', 'state': 'Región del Biobío', 'country': 'Chile', 'country_code': 'cl'}, 'boundingbox': ['-37.4970482', '-37.4809451', '-73.3221244', '-73.2065287']}"
13,16,645,-37.71847,-72.23958,316.88,1.31,1.13,2022-01-12,1503,T,36,6.1NRT,303.35,8.29,D,"-37.71847,-72.23958","San Martín, Mulchén, Provincia de Bío-Bío, Región del Biobío, 0000444, Chile",San Martín,,Provincia de Bío-Bío,Región del Biobío,Chile,cl,,Mulchén,,,0000444,,,,,,,,,,,,,,Mulchén,8,83,8308,MULCHÉN,"{'place_id': 282604019, 'licence': 'Data © OpenStreetMap contributors, ODbL 1.0. https://osm.org/copyright', 'osm_type': 'relation', 'osm_id': 1658516, 'lat': '-37.7200884', 'lon': '-72.2441345', 'display_name': 'Mulchén, Provincia de Bío-Bío, Región del Biobío, 0000444, Chile', 'address': {'town': 'Mulchén', 'county': 'Provincia de Bío-Bío', 'state': 'Región del Biobío', 'postcode': '0000444', 'country': 'Chile', 'country_code': 'cl'}, 'boundingbox': ['-38.1886283', '-37.5566764', '-72.530735', '-71.6131235']}"
14,16,645,-37.71847,-72.23958,316.88,1.31,1.13,2022-01-12,1503,T,36,6.1NRT,303.35,8.29,D,"-37.71847,-72.23958","San Martín, Mulchén, Provincia de Bío-Bío, Región del Biobío, 0000444, Chile",San Martín,,Provincia de Bío-Bío,Región del Biobío,Chile,cl,,Mulchén,,,0000444,,,,,,,,,,,,,,Mulchén,8,83,8305,MULCHÉN,"{'place_id': 63959585, 'licence': 'Data © OpenStreetMap contributors, ODbL 1.0. https://osm.org/copyright', 'osm_type': 'node', 'osm_id': 5866527369, 'lat': '-37.8567702', 'lon': '-72.0990336', 'display_name': 'San Miguel Dos, Mulchén, Provincia de Bío-Bío, Región del Biobío, Chile', 'address': {'hamlet': 'San Miguel Dos', 'town': 'Mulchén', 'county': 'Provincia de Bío-Bío', 'state': 'Región del Biobío', 'country': 'Chile', 'country_code': 'cl'}, 'boundingbox': ['-37.8767702', '-37.8367702', '-72.1190336', '-72.0790336']}"
15,17,646,-37.62721,-73.46183,313.2,1.15,1.07,2022-01-12,1503,T,34,6.1NRT,300.2,9.34,D,"-37.62721,-73.46183","18 de Septiembre, Los Álamos, Provincia de Arauco, Región del Biobío, Chile",18 de Septiembre,,Provincia de Arauco,Región del Biobío,Chile,cl,,Los Álamos,,,,,,,,,,,,,,,,,Los Álamos,8,82,8206,,
16,18,647,-37.62862,-73.46858,310.15,1.15,1.07,2022-01-12,1503,T,39,6.1NRT,299.32,8.22,D,"-37.62862,-73.46858","Copec, Ignacio Carrera Pinto, Los Álamos, Provincia de Arauco, Región del Biobío, Chile",Ignacio Carrera Pinto,,Provincia de Arauco,Región del Biobío,Chile,cl,,Los Álamos,,,,,,,,Copec,,,,,,,,,Los Álamos,8,82,8206,,
17,19,648,-37.630179999999996,-73.45544,311.29,1.15,1.07,2022-01-12,1503,T,59,6.1NRT,300.02,9.03,D,"-37.630179999999996,-73.45544","Trihueco, Los Álamos, Provincia de Arauco, Región del Biobío, 4380000, Chile",Trihueco,,Provincia de Arauco,Región del Biobío,Chile,cl,,Los Álamos,,,4380000,,,,,,,,,,,,,,Los Álamos,8,82,8206,,
18,20,649,-39.86253,-72.80444,311.24,1.3,1.13,2022-01-12,1503,T,37,6.1NRT,300.42,8.93,D,"-39.86253,-72.80444","Estadio Municipal Samuel Valk, Conductor Núñez, Población Empleados Particulares, Los Lagos, Provincia de Valdivia, Región de Los Ríos, Chile",Conductor Núñez,,Provincia de Valdivia,Región de Los Ríos,Chile,cl,,Los Lagos,,,,,Población Empleados Particulares,,,,,,,,,,,,Los Lagos,14,141,14104,LOS LAGOS,"{'place_id': 282596934, 'licence': 'Data © OpenStreetMap contributors, ODbL 1.0. https://osm.org/copyright', 'osm_type': 'relation', 'osm_id': 1785707, 'lat': '-39.8634009', 'lon': '-72.8129655', 'display_name': 'Los Lagos, Provincia de Valdivia, Región de Los Ríos, Chile', 'address': {'town': 'Los Lagos', 'county': 'Provincia de Valdivia', 'state': 'Región de Los Ríos', 'country': 'Chile', 'country_code': 'cl'}, 'boundingbox': ['-40.0428261', '-39.6595167', '-72.9818362', '-72.0250515']}"
19,21,650,-41.39713,-72.91105,309.19,1.34,1.15,2022-01-12,1503,T,17,6.1NRT,295.88,6.96,D,"-41.39713,-72.91105","Pasaje Las Amapolas, Población Claudio Arrau, Alerce, Puerto Montt, Provincia de Llanquihue, Región de Los Lagos, Chile",Pasaje Las Amapolas,Puerto Montt,Provincia de Llanquihue,Región de Los Lagos,Chile,cl,,Alerce,,,,,Población Claudio Arrau,,,,,,,,,,,,Puerto Montt,10,101,10101,PUERTO MONTT,"{'place_id': 107050814, 'licence': 'Data © OpenStreetMap contributors, ODbL 1.0. https://osm.org/copyright', 'osm_type': 'way', 'osm_id': 25733597, 'lat': '-41.49145729702038', 'lon': '-72.79511576538215', 'display_name': 'Camino Parpalén, Parpalén, Puerto Montt, Provincia de Llanquihue, Región de Los Lagos, Chile', 'address': {'road': 'Camino Parpalén', 'hamlet': 'Parpalén', 'city': 'Puerto Montt', 'county': 'Provincia de Llanquihue', 'state': 'Región de Los Lagos', 'country': 'Chile', 'country_code': 'cl'}, 'boundingbox': ['-41.5033824', '-41.490966', '-72.8018639', '-72.7926581']}"
20,29,2907,-34.10719,-70.45817,311.12,1.57,1.23,2022-01-13,306,T,82,6.1NRT,289.65,22.83,N,"-34.10719,-70.45817","Planta Caletones División El Teniente de Codelco, Caletones, Machalí, Provincia de Cachapoal, Región del Libertador General Bernardo O'Higgins, Chile",,,Provincia de Cachapoal,Región del Libertador General Bernardo O'Higgins,Chile,cl,Planta Caletones División El Teniente de Codelco,Machalí,,Caletones,,,,,,,,,,,,,,,Machalí,6,61,6108,MACHALÍ,"{'place_id': 282577281, 'licence': 'Data © OpenStreetMap contributors, ODbL 1.0. https://osm.org/copyright', 'osm_type': 'relation', 'osm_id': 1664171, 'lat': '-34.182453', 'lon': '-70.6511584', 'display_name': ""Machalí, Provincia de Cachapoal, Región del Libertador General Bernardo O'Higgins, Chile"", 'address': {'town': 'Machalí', 'county': 'Provincia de Cachapoal', 'state': ""Región del Libertador General Bernardo O'Higgins"", 'country': 'Chile', 'country_code': 'cl'}, 'boundingbox': ['-34.703403', '-34.0090745', '-70.7244661', '-70.0096881']}"
21,30,2908,-34.10787,-70.46396999999999,305.45,1.57,1.23,2022-01-13,306,T,64,6.1NRT,289.39,15.2,N,"-34.10787,-70.46396999999999","Planta Caletones División El Teniente de Codelco, Caletones, Machalí, Provincia de Cachapoal, Región del Libertador General Bernardo O'Higgins, Chile",,,Provincia de Cachapoal,Región del Libertador General Bernardo O'Higgins,Chile,cl,Planta Caletones División El Teniente de Codelco,Machalí,,Caletones,,,,,,,,,,,,,,,Machalí,6,61,6108,MACHALÍ,"{'place_id': 282577281, 'licence': 'Data © OpenStreetMap contributors, ODbL 1.0. https://osm.org/copyright', 'osm_type': 'relation', 'osm_id': 1664171, 'lat': '-34.182453', 'lon': '-70.6511584', 'display_name': ""Machalí, Provincia de Cachapoal, Región del Libertador General Bernardo O'Higgins, Chile"", 'address': {'town': 'Machalí', 'county': 'Provincia de Cachapoal', 'state': ""Región del Libertador General Bernardo O'Higgins"", 'country': 'Chile', 'country_code': 'cl'}, 'boundingbox': ['-34.703403', '-34.0090745', '-70.7244661', '-70.0096881']}"
22,37,3245,-34.10777,-70.45451,301.92,2.37,1.49,2022-01-13,629,A,45,6.1NRT,287.45,23.75,N,"-34.10777,-70.45451","Planta Caletones División El Teniente de Codelco, Caletones, Machalí, Provincia de Cachapoal, Región del Libertador General Bernardo O'Higgins, Chile",,,Provincia de Cachapoal,Región del Libertador General Bernardo O'Higgins,Chile,cl,Planta Caletones División El Teniente de Codelco,Machalí,,Caletones,,,,,,,,,,,,,,,Machalí,6,61,6108,MACHALÍ,"{'place_id': 282577281, 'licence': 'Data © OpenStreetMap contributors, ODbL 1.0. https://osm.org/copyright', 'osm_type': 'relation', 'osm_id': 1664171, 'lat': '-34.182453', 'lon': '-70.6511584', 'display_name': ""Machalí, Provincia de Cachapoal, Región del Libertador General Bernardo O'Higgins, Chile"", 'address': {'town': 'Machalí', 'county': 'Provincia de Cachapoal', 'state': ""Región del Libertador General Bernardo O'Higgins"", 'country': 'Chile', 'country_code': 'cl'}, 'boundingbox': ['-34.703403', '-34.0090745', '-70.7244661', '-70.0096881']}"
23,38,3247,-37.84613,-72.57019,308.11,1.92,1.35,2022-01-13,629,A,74,6.1NRT,287.21,24.77,N,"-37.84613,-72.57019","Angol, Provincia de Malleco, Región de la Araucanía, Chile",,Angol,Provincia de Malleco,Región de la Araucanía,Chile,cl,,,,,,,,,,,,,,,,,,,Angol,9,92,9201,ANGOL,"{'place_id': 225305287, 'licence': 'Data © OpenStreetMap contributors, ODbL 1.0. https://osm.org/copyright', 'osm_type': 'way', 'osm_id': 605146010, 'lat': '-37.768133168969435', 'lon': '-72.79563220598246', 'display_name': 'Angol - Vegas Blancas - Piedra del Águila, Angol, Provincia de Malleco, Región de la Araucanía, Chile', 'address': {'road': 'Angol - Vegas Blancas - Piedra del Águila', 'city': 'Angol', 'county': 'Provincia de Malleco', 'state': 'Región de la Araucanía', 'country': 'Chile', 'country_code': 'cl'}, 'boundingbox': ['-37.7979251', '-37.767495', '-72.860163', '-72.7678612']}"
24,39,3248,-37.85852,-72.57137,311.86,1.92,1.35,2022-01-13,629,A,42,6.1NRT,287.04,29.5,N,"-37.85852,-72.57137","Santa Elena, Angol, Provincia de Malleco, Región de la Araucanía, Chile",,Angol,Provincia de Malleco,Región de la Araucanía,Chile,cl,,,,Santa Elena,,,,,,,,,,,,,,,Angol,9,92,9201,ANGOL,"{'place_id': 225305287, 'licence': 'Data © OpenStreetMap contributors, ODbL 1.0. https://osm.org/copyright', 'osm_type': 'way', 'osm_id': 605146010, 'lat': '-37.768133168969435', 'lon': '-72.79563220598246', 'display_name': 'Angol - Vegas Blancas - Piedra del Águila, Angol, Provincia de Malleco, Región de la Araucanía, Chile', 'address': {'road': 'Angol - Vegas Blancas - Piedra del Águila', 'city': 'Angol', 'county': 'Provincia de Malleco', 'state': 'Región de la Araucanía', 'country': 'Chile', 'country_code': 'cl'}, 'boundingbox': ['-37.7979251', '-37.767495', '-72.860163', '-72.7678612']}"
25,40,3249,-37.86047,-72.54933,313.32,1.93,1.36,2022-01-13,629,A,51,6.1NRT,287.07,32.6,N,"-37.86047,-72.54933","Angol, Provincia de Malleco, Región de la Araucanía, Chile",,Angol,Provincia de Malleco,Región de la Araucanía,Chile,cl,,,,,,,,,,,,,,,,,,,Angol,9,92,9201,ANGOL,"{'place_id': 225305287, 'licence': 'Data © OpenStreetMap contributors, ODbL 1.0. https://osm.org/copyright', 'osm_type': 'way', 'osm_id': 605146010, 'lat': '-37.768133168969435', 'lon': '-72.79563220598246', 'display_name': 'Angol - Vegas Blancas - Piedra del Águila, Angol, Provincia de Malleco, Región de la Araucanía, Chile', 'address': {'road': 'Angol - Vegas Blancas - Piedra del Águila', 'city': 'Angol', 'county': 'Provincia de Malleco', 'state': 'Región de la Araucanía', 'country': 'Chile', 'country_code': 'cl'}, 'boundingbox': ['-37.7979251', '-37.767495', '-72.860163', '-72.7678612']}"
26,41,3250,-37.84918,-72.57567,311.8,1.92,1.35,2022-01-13,629,A,83,6.1NRT,287.06,30.91,N,"-37.84918,-72.57567","Santa Elena, Angol, Provincia de Malleco, Región de la Araucanía, Chile",,Angol,Provincia de Malleco,Región de la Araucanía,Chile,cl,,,,Santa Elena,,,,,,,,,,,,,,,Angol,9,92,9201,ANGOL,"{'place_id': 225305287, 'licence': 'Data © OpenStreetMap contributors, ODbL 1.0. https://osm.org/copyright', 'osm_type': 'way', 'osm_id': 605146010, 'lat': '-37.768133168969435', 'lon': '-72.79563220598246', 'display_name': 'Angol - Vegas Blancas - Piedra del Águila, Angol, Provincia de Malleco, Región de la Araucanía, Chile', 'address': {'road': 'Angol - Vegas Blancas - Piedra del Águila', 'city': 'Angol', 'county': 'Provincia de Malleco', 'state': 'Región de la Araucanía', 'country': 'Chile', 'country_code': 'cl'}, 'boundingbox': ['-37.7979251', '-37.767495', '-72.860163', '-72.7678612']}"
27,42,3251,-37.851009999999995,-72.55337,319.31,1.93,1.36,2022-01-13,629,A,98,6.1NRT,287.55,47.66,N,"-37.851009999999995,-72.55337","Angol, Provincia de Malleco, Región de la Araucanía, Chile",,Angol,Provincia de Malleco,Región de la Araucanía,Chile,cl,,,,,,,,,,,,,,,,,,,Angol,9,92,9201,ANGOL,"{'place_id': 225305287, 'licence': 'Data © OpenStreetMap contributors, ODbL 1.0. https://osm.org/copyright', 'osm_type': 'way', 'osm_id': 605146010, 'lat': '-37.768133168969435', 'lon': '-72.79563220598246', 'display_name': 'Angol - Vegas Blancas - Piedra del Águila, Angol, Provincia de Malleco, Región de la Araucanía, Chile', 'address': {'road': 'Angol - Vegas Blancas - Piedra del Águila', 'city': 'Angol', 'county': 'Provincia de Malleco', 'state': 'Región de la Araucanía', 'country': 'Chile', 'country_code': 'cl'}, 'boundingbox': ['-37.7979251', '-37.767495', '-72.860163', '-72.7678612']}"
28,43,3252,-37.8634,-72.55465,309.41,1.93,1.36,2022-01-13,629,A,74,6.1NRT,287.01,26.89,N,"-37.8634,-72.55465","Angol, Provincia de Malleco, Región de la Araucanía, Chile",,Angol,Provincia de Malleco,Región de la Araucanía,Chile,cl,,,,,,,,,,,,,,,,,,,Angol,9,92,9201,ANGOL,"{'place_id': 225305287, 'licence': 'Data © OpenStreetMap contributors, ODbL 1.0. https://osm.org/copyright', 'osm_type': 'way', 'osm_id': 605146010, 'lat': '-37.768133168969435', 'lon': '-72.79563220598246', 'display_name': 'Angol - Vegas Blancas - Piedra del Águila, Angol, Provincia de Malleco, Región de la Araucanía, Chile', 'address': {'road': 'Angol - Vegas Blancas - Piedra del Águila', 'city': 'Angol', 'county': 'Provincia de Malleco', 'state': 'Región de la Araucanía', 'country': 'Chile', 'country_code': 'cl'}, 'boundingbox': ['-37.7979251', '-37.767495', '-72.860163', '-72.7678612']}"
29,44,3253,-37.88997,-72.53607,304.56,1.93,1.36,2022-01-13,629,A,30,6.1NRT,286.43,18.81,N,"-37.88997,-72.53607","Angol, Provincia de Malleco, Región de la Araucanía, Chile",,Angol,Provincia de Malleco,Región de la Araucanía,Chile,cl,,,,,,,,,,,,,,,,,,,Angol,9,92,9201,ANGOL,"{'place_id': 225305287, 'licence': 'Data © OpenStreetMap contributors, ODbL 1.0. https://osm.org/copyright', 'osm_type': 'way', 'osm_id': 605146010, 'lat': '-37.768133168969435', 'lon': '-72.79563220598246', 'display_name': 'Angol - Vegas Blancas - Piedra del Águila, Angol, Provincia de Malleco, Región de la Araucanía, Chile', 'address': {'road': 'Angol - Vegas Blancas - Piedra del Águila', 'city': 'Angol', 'county': 'Provincia de Malleco', 'state': 'Región de la Araucanía', 'country': 'Chile', 'country_code': 'cl'}, 'boundingbox': ['-37.7979251', '-37.767495', '-72.860163', '-72.7678612']}"
30,52,4571,-37.61339,-73.64964,310.18,1.74,1.29,2022-01-13,1830,A,14,6.1NRT,297.96,16.25,D,"-37.61339,-73.64964","Junquillo Alto, Eusebio Lillo, Lebu, Provincia de Arauco, Región del Biobío, 2, Chile",Junquillo Alto,Lebu,Provincia de Arauco,Región del Biobío,Chile,cl,,,,,2,,Eusebio Lillo,,,,,,,,,,,,Lebu,8,82,8201,LEBU,"{'place_id': 272286377, 'licence': 'Data © OpenStreetMap contributors, ODbL 1.0. https://osm.org/copyright', 'osm_type': 'way', 'osm_id': 913832053, 'lat': '-37.6714353788666', 'lon': '-73.5887662712828', 'display_name': 'La Huella, Trancalco, Lebu, Provincia de Arauco, Región del Biobío, Chile', 'address': {'hamlet': 'La Huella', 'village': 'Trancalco', 'city': 'Lebu', 'county': 'Provincia de Arauco', 'state': 'Región del Biobío', 'country': 'Chile', 'country_code': 'cl'}, 'boundingbox': ['-37.6802838', '-37.6493488', '-73.593826', '-73.5811177']}"
31,53,4600,-35.55421,-71.54316,323.55,1.26,1.11,2022-01-13,1832,A,65,6.1NRT,305.05,13.6,D,"-35.55421,-71.54316","San Clemente, Provincia de Talca, Región del Maule, Chile",,,Provincia de Talca,Región del Maule,Chile,cl,,San Clemente,,,,,,,,,,,,,,,,,San Clemente,7,71,7109,SAN CLEMENTE,"{'place_id': 282527754, 'licence': 'Data © OpenStreetMap contributors, ODbL 1.0. https://osm.org/copyright', 'osm_type': 'relation', 'osm_id': 546213, 'lat': '-35.5375459', 'lon': '-71.4858841', 'display_name': 'San Clemente, Provincia de Talca, Región del Maule, Chile', 'address': {'town': 'San Clemente', 'county': 'Provincia de Talca', 'state': 'Región del Maule', 'country': 'Chile', 'country_code': 'cl'}, 'boundingbox': ['-36.1789342', '-35.371482', '-71.5870692', '-70.307611']}"
32,54,4601,-35.55508,-71.53411,320.99,1.25,1.11,2022-01-13,1832,A,52,6.1NRT,304.38,10.12,D,"-35.55508,-71.53411","Trafalgar, San Clemente, Provincia de Talca, Región del Maule, Chile",,,Provincia de Talca,Región del Maule,Chile,cl,,San Clemente,,Trafalgar,,,,,,,,,,,,,,,San Clemente,7,71,7109,SAN CLEMENTE,"{'place_id': 282527754, 'licence': 'Data © OpenStreetMap contributors, ODbL 1.0. https://osm.org/copyright', 'osm_type': 'relation', 'osm_id': 546213, 'lat': '-35.5375459', 'lon': '-71.4858841', 'display_name': 'San Clemente, Provincia de Talca, Región del Maule, Chile', 'address': {'town': 'San Clemente', 'county': 'Provincia de Talca', 'state': 'Región del Maule', 'country': 'Chile', 'country_code': 'cl'}, 'boundingbox': ['-36.1789342', '-35.371482', '-71.5870692', '-70.307611']}"
33,55,4642,-33.4352,-70.79048,327.66,1.11,1.05,2022-01-13,1832,A,57,6.1NRT,306.95,6.03,D,"-33.4352,-70.79048","La Oración, Pudahuel, Provincia de Santiago, Región Metropolitana de Santiago, ???, Chile",La Oración,Pudahuel,Provincia de Santiago,Región Metropolitana de Santiago,Chile,cl,,,,,???,,,,,,,,,,,,,,Pudahuel,13,131,13124,PUDAHUEL,"{'place_id': 62904577, 'licence': 'Data © OpenStreetMap contributors, ODbL 1.0. https://osm.org/copyright', 'osm_type': 'node', 'osm_id': 5735506074, 'lat': '-33.4326232', 'lon': '-70.8421183', 'display_name': 'Carén, Pudahuel, Provincia de Santiago, Región Metropolitana de Santiago, Chile', 'address': {'hamlet': 'Carén', 'city': 'Pudahuel', 'county': 'Provincia de Santiago', 'state': 'Región Metropolitana de Santiago', 'country': 'Chile', 'country_code': 'cl'}, 'boundingbox': ['-33.4526232', '-33.4126232', '-70.8621183', '-70.8221183']}"
34,56,4866,-27.420740000000002,-70.26293000000001,332.86,1.0,1.0,2022-01-13,1834,A,73,6.1NRT,311.33,13.4,D,"-27.420740000000002,-70.26293000000001","Pedro León Gallo, Villa Las Industrias, Paipote, Copiapó, Provincia de Copiapó, Región de Atacama, Chile",Pedro León Gallo,Copiapó,Provincia de Copiapó,Región de Atacama,Chile,cl,,,,,,,Villa Las Industrias,,Paipote,,,,,,,,,,Copiapó,3,31,3101,COPIAPÓ,"{'place_id': 282378324, 'licence': 'Data © OpenStreetMap contributors, ODbL 1.0. https://osm.org/copyright', 'osm_type': 'relation', 'osm_id': 295922, 'lat': '-27.3664685', 'lon': '-70.3322753', 'display_name': 'Copiapó, Provincia de Copiapó, Región de Atacama, Chile', 'address': {'city': 'Copiapó', 'county': 'Provincia de Copiapó', 'state': 'Región de Atacama', 'country': 'Chile', 'country_code': 'cl'}, 'boundingbox': ['-28.183388', '-26.6643281', '-71.14235', '-68.2632053']}"
35,57,4900,-23.82442,-70.31886999999999,332.28,1.01,1.0,2022-01-13,1834,A,65,6.1NRT,313.88,10.5,D,"-23.82442,-70.31886999999999","Ruta 5 Norte, Antofagasta, Provincia de Antofagasta, Región de Antofagasta, Chile",Ruta 5 Norte,Antofagasta,Provincia de Antofagasta,Región de Antofagasta,Chile,cl,,,,,,,,,,,,,,,,,,,Antofagasta,2,21,2101,ANTOFAGASTA,"{'place_id': 282607959, 'licence': 'Data © OpenStreetMap contributors, ODbL 1.0. https://osm.org/copyright', 'osm_type': 'relation', 'osm_id': 1561898, 'lat': '-23.6463741', 'lon': '-70.3980033', 'display_name': 'Antofagasta, Provincia de Antofagasta, Región de Antofagasta, Chile', 'address': {'city': 'Antofagasta', 'county': 'Provincia de Antofagasta', 'state': 'Región de Antofagasta', 'country': 'Chile', 'country_code': 'cl'}, 'boundingbox': ['-25.4019573', '-23.0584154', '-70.6286037', '-68.0670324']}"
36,64,5341,-36.86895,-71.37945,322.47,1.24,1.11,2022-01-14,349,T,100,6.1NRT,279.02,33.49,N,"-36.86895,-71.37945","Pinto, Provincia de Diguillín, Región de Ñuble, 3880000, Chile",,,Provincia de Diguillín,Región de Ñuble,Chile,cl,,Pinto,,,3880000,,,,,,,,,,,,,,Pinto,16,161,16106,PINTO,"{'place_id': 217491429, 'licence': 'Data © OpenStreetMap contributors, ODbL 1.0. https://osm.org/copyright', 'osm_type': 'way', 'osm_id': 550180667, 'lat': '-36.9173095', 'lon': '-71.4966785', 'display_name': 'Sendero Mirador del Valle, Las Trancas, Pinto, Provincia de Diguillín, Región de Ñuble, 3880000, Chile', 'address': {'road': 'Sendero Mirador del Valle', 'hamlet': 'Las Trancas', 'town': 'Pinto', 'county': 'Provincia de Diguillín', 'state': 'Región de Ñuble', 'postcode': '3880000', 'country': 'Chile', 'country_code': 'cl'}, 'boundingbox': ['-36.9173095', '-36.9170654', '-71.4966785', '-71.4951437']}"
37,65,5346,-34.11202,-70.4607,302.85,1.55,1.23,2022-01-14,349,T,52,6.1NRT,289.1,12.14,N,"-34.11202,-70.4607","Caletones, Machalí, Provincia de Cachapoal, Región del Libertador General Bernardo O'Higgins, Chile",,,Provincia de Cachapoal,Región del Libertador General Bernardo O'Higgins,Chile,cl,,Machalí,,Caletones,,,,,,,,,,,,,,,Machalí,6,61,6108,MACHALÍ,"{'place_id': 282577281, 'licence': 'Data © OpenStreetMap contributors, ODbL 1.0. https://osm.org/copyright', 'osm_type': 'relation', 'osm_id': 1664171, 'lat': '-34.182453', 'lon': '-70.6511584', 'display_name': ""Machalí, Provincia de Cachapoal, Región del Libertador General Bernardo O'Higgins, Chile"", 'address': {'town': 'Machalí', 'county': 'Provincia de Cachapoal', 'state': ""Región del Libertador General Bernardo O'Higgins"", 'country': 'Chile', 'country_code': 'cl'}, 'boundingbox': ['-34.703403', '-34.0090745', '-70.7244661', '-70.0096881']}"
38,66,5731,-32.80427,-70.95095,320.72,1.02,1.01,2022-01-14,1450,T,65,6.1NRT,304.75,8.04,D,"-32.80427,-70.95095","Autopista Los Andes, Chagres, Catemu, Provincia de San Felipe de Aconcagua, Región de Valparaíso, Chile",Autopista Los Andes,,Provincia de San Felipe de Aconcagua,Región de Valparaíso,Chile,cl,,Catemu,,,,,Chagres,,,,,,,,,,,,Catemu,5,57,5702,CATEMU,"{'place_id': 49300305, 'licence': 'Data © OpenStreetMap contributors, ODbL 1.0. https://osm.org/copyright', 'osm_type': 'node', 'osm_id': 4270237368, 'lat': '-32.6946303', 'lon': '-70.9344539', 'display_name': 'Villa las Palmas, Los Cerrillos, Catemu, Provincia de San Felipe de Aconcagua, Región de Valparaíso, Chile', 'address': {'neighbourhood': 'Villa las Palmas', 'village': 'Los Cerrillos', 'town': 'Catemu', 'county': 'Provincia de San Felipe de Aconcagua', 'state': 'Región de Valparaíso', 'country': 'Chile', 'country_code': 'cl'}, 'boundingbox': ['-32.7046303', '-32.6846303', '-70.9444539', '-70.9244539']}"
39,67,5752,-36.95074,-73.01212,311.32,1.0,1.0,2022-01-14,1452,T,0,6.1NRT,296.02,6.78,D,"-36.95074,-73.01212","6420, Pasaje 2, Villa Valle del Sol, Chiguayante, Provincia de Concepción, Región del Biobío, 4100812, Chile",Pasaje 2,,Provincia de Concepción,Región del Biobío,Chile,cl,,Chiguayante,,,4100812,,Villa Valle del Sol,,,,,,,,,,,,Chiguayante,8,81,8103,CHIGUAYANTE,"{'place_id': 282581093, 'licence': 'Data © OpenStreetMap contributors, ODbL 1.0. https://osm.org/copyright', 'osm_type': 'relation', 'osm_id': 1622086, 'lat': '-36.9292478', 'lon': '-73.0237115', 'display_name': 'Chiguayante, Provincia de Concepción, Región del Biobío, Chile', 'address': {'town': 'Chiguayante', 'county': 'Provincia de Concepción', 'state': 'Región del Biobío', 'country': 'Chile', 'country_code': 'cl'}, 'boundingbox': ['-36.9669008', '-36.8530633', '-73.0610755', '-72.9432428']}"
40,68,5753,-37.0887,-72.43711,316.95,1.01,1.0,2022-01-14,1452,T,36,6.1NRT,304.38,5.96,D,"-37.0887,-72.43711","Osvaldo Cruz, Monte Águila, Cabrero, Provincia de Bío-Bío, Región del Biobío, Chile",Osvaldo Cruz,,Provincia de Bío-Bío,Región del Biobío,Chile,cl,,Monte Águila,,,,,,,,,,,,,,,,,Monte Águila,8,83,8303,,
41,69,5759,-37.67402,-72.58357,313.86,1.01,1.0,2022-01-14,1452,T,40,6.1NRT,302.39,5.91,D,"-37.67402,-72.58357","426, Manuel Rodríguez, Barrio Residencial Comité Nuevo Vivir, Renaico, Provincia de Malleco, Región de la Araucanía, Chile",Manuel Rodríguez,,Provincia de Malleco,Región de la Araucanía,Chile,cl,,Renaico,,,,,Barrio Residencial Comité Nuevo Vivir,,,,,,,,,,,,Renaico,9,92,9209,RENAICO,"{'place_id': 85271241, 'licence': 'Data © OpenStreetMap contributors, ODbL 1.0. https://osm.org/copyright', 'osm_type': 'node', 'osm_id': 8469765223, 'lat': '-37.722282', 'lon': '-72.5693321', 'display_name': 'El Refugio, Renaico, Provincia de Malleco, Región de la Araucanía, Chile', 'address': {'farm': 'El Refugio', 'town': 'Renaico', 'county': 'Provincia de Malleco', 'state': 'Región de la Araucanía', 'country': 'Chile', 'country_code': 'cl'}, 'boundingbox': ['-37.732282', '-37.712282', '-72.5793321', '-72.5593321']}"
42,70,5760,-37.721709999999995,-72.2376,316.18,1.02,1.01,2022-01-14,1452,T,21,6.1NRT,303.65,5.34,D,"-37.721709999999995,-72.2376","Prieto, Coronado, Mulchén, Provincia de Bío-Bío, Región del Biobío, 0000444, Chile",Prieto,,Provincia de Bío-Bío,Región del Biobío,Chile,cl,,Mulchén,,Coronado,0000444,,,,,,,,,,,,,,Mulchén,8,83,8308,MULCHÉN,"{'place_id': 282604019, 'licence': 'Data © OpenStreetMap contributors, ODbL 1.0. https://osm.org/copyright', 'osm_type': 'relation', 'osm_id': 1658516, 'lat': '-37.7200884', 'lon': '-72.2441345', 'display_name': 'Mulchén, Provincia de Bío-Bío, Región del Biobío, 0000444, Chile', 'address': {'town': 'Mulchén', 'county': 'Provincia de Bío-Bío', 'state': 'Región del Biobío', 'postcode': '0000444', 'country': 'Chile', 'country_code': 'cl'}, 'boundingbox': ['-38.1886283', '-37.5566764', '-72.530735', '-71.6131235']}"
43,70,5760,-37.721709999999995,-72.2376,316.18,1.02,1.01,2022-01-14,1452,T,21,6.1NRT,303.65,5.34,D,"-37.721709999999995,-72.2376","Prieto, Coronado, Mulchén, Provincia de Bío-Bío, Región del Biobío, 0000444, Chile",Prieto,,Provincia de Bío-Bío,Región del Biobío,Chile,cl,,Mulchén,,Coronado,0000444,,,,,,,,,,,,,,Mulchén,8,83,8305,MULCHÉN,"{'place_id': 63959585, 'licence': 'Data © OpenStreetMap contributors, ODbL 1.0. https://osm.org/copyright', 'osm_type': 'node', 'osm_id': 5866527369, 'lat': '-37.8567702', 'lon': '-72.0990336', 'display_name': 'San Miguel Dos, Mulchén, Provincia de Bío-Bío, Región del Biobío, Chile', 'address': {'hamlet': 'San Miguel Dos', 'town': 'Mulchén', 'county': 'Provincia de Bío-Bío', 'state': 'Región del Biobío', 'country': 'Chile', 'country_code': 'cl'}, 'boundingbox': ['-37.8767702', '-37.8367702', '-72.1190336', '-72.0790336']}"
44,71,5761,-37.95284,-72.42496,317.38,1.02,1.01,2022-01-14,1452,T,43,6.1NRT,304.22,7.7,D,"-37.95284,-72.42496","Cerro, Collipulli, Provincia de Malleco, Región de la Araucanía, Chile",Cerro,,Provincia de Malleco,Región de la Araucanía,Chile,cl,,Collipulli,,,,,,,,,,,,,,,,,Collipulli,9,92,9202,COLLIPULLI,"{'place_id': 64263393, 'licence': 'Data © OpenStreetMap contributors, ODbL 1.0. https://osm.org/copyright', 'osm_type': 'node', 'osm_id': 5885492557, 'lat': '-38.0184464', 'lon': '-72.1074236', 'display_name': 'La Suerte, Collipulli, Provincia de Malleco, Región de la Araucanía, Chile', 'address': {'hamlet': 'La Suerte', 'town': 'Collipulli', 'county': 'Provincia de Malleco', 'state': 'Región de la Araucanía', 'country': 'Chile', 'country_code': 'cl'}, 'boundingbox': ['-38.0384464', '-37.9984464', '-72.1274236', '-72.0874236']}"
45,72,5762,-38.241609999999994,-72.32616,317.44,1.02,1.01,2022-01-14,1452,T,50,6.1NRT,303.04,7.17,D,"-38.241609999999994,-72.32616","Villa Alegre, Victoria, Provincia de Malleco, Región de la Araucanía, 4720359, Chile",,,Provincia de Malleco,Región de la Araucanía,Chile,cl,,Victoria,,,4720359,,,,Villa Alegre,,,,,,,,,,Victoria,9,92,9211,VICTORIA,"{'place_id': 106748023, 'licence': 'Data © OpenStreetMap contributors, ODbL 1.0. https://osm.org/copyright', 'osm_type': 'way', 'osm_id': 25755547, 'lat': '-38.28101866639952', 'lon': '-72.23218527960503', 'display_name': 'San Francisco - Huillinlebu, Huillinlebu, Victoria, Provincia de Malleco, Región de la Araucanía, Chile', 'address': {'road': 'San Francisco - Huillinlebu', 'hamlet': 'Huillinlebu', 'town': 'Victoria', 'county': 'Provincia de Malleco', 'state': 'Región de la Araucanía', 'country': 'Chile', 'country_code': 'cl'}, 'boundingbox': ['-38.3216558', '-38.266091', '-72.2431755', '-72.1918221']}"
46,73,5770,-45.582159999999995,-72.05196,308.24,1.2,1.09,2022-01-14,1454,T,37,6.1NRT,293.77,7.02,D,"-45.582159999999995,-72.05196","1733, Foitzick, Población Ampliación Pablo Neruda, Coyhaique, Provincia de Coyhaique, Región Aysén del General Carlos Ibáñez del Campo, 5952014, Chile",Foitzick,Coyhaique,Provincia de Coyhaique,Región Aysén del General Carlos Ibáñez del Campo,Chile,cl,,,,,5952014,,Población Ampliación Pablo Neruda,,,,,,,,,,,,Coyhaique,11,111,11101,COYHAIQUE,"{'place_id': 232587274, 'licence': 'Data © OpenStreetMap contributors, ODbL 1.0. https://osm.org/copyright', 'osm_type': 'way', 'osm_id': 658611742, 'lat': '-45.5568807', 'lon': '-71.9913536', 'display_name': 'Coyhaique, Provincia de Coyhaique, Región Aysén del General Carlos Ibáñez del Campo, Chile', 'address': {'city': 'Coyhaique', 'county': 'Provincia de Coyhaique', 'state': 'Región Aysén del General Carlos Ibáñez del Campo', 'country': 'Chile', 'country_code': 'cl'}, 'boundingbox': ['-45.5598443', '-45.5568807', '-71.9913536', '-71.9896799']}"
47,74,5857,-23.82834,-70.31419,333.43,1.01,1.0,2022-01-14,1446,T,72,6.1NRT,310.4,13.85,D,"-23.82834,-70.31419","Ruta 5 Norte, Antofagasta, Provincia de Antofagasta, Región de Antofagasta, Chile",Ruta 5 Norte,Antofagasta,Provincia de Antofagasta,Región de Antofagasta,Chile,cl,,,,,,,,,,,,,,,,,,,Antofagasta,2,21,2101,ANTOFAGASTA,"{'place_id': 282607959, 'licence': 'Data © OpenStreetMap contributors, ODbL 1.0. https://osm.org/copyright', 'osm_type': 'relation', 'osm_id': 1561898, 'lat': '-23.6463741', 'lon': '-70.3980033', 'display_name': 'Antofagasta, Provincia de Antofagasta, Región de Antofagasta, Chile', 'address': {'city': 'Antofagasta', 'county': 'Provincia de Antofagasta', 'state': 'Región de Antofagasta', 'country': 'Chile', 'country_code': 'cl'}, 'boundingbox': ['-25.4019573', '-23.0584154', '-70.6286037', '-68.0670324']}"
48,75,5884,-26.5831,-69.98051,325.72,1.0,1.0,2022-01-14,1448,T,71,6.1NRT,306.53,5.31,D,"-26.5831,-69.98051","Cruce C-17 (Aguada Los Pimientos) - Cruce C-233 (Mina Lolita), Diego de Almagro, Provincia de Chañaral, Región de Atacama, Chile",Cruce C-17 (Aguada Los Pimientos) - Cruce C-233 (Mina Lolita),,Provincia de Chañaral,Región de Atacama,Chile,cl,,Diego de Almagro,,,,,,,,,,,,,,,,,Diego de Almagro,3,32,3202,DIEGO DE ALMAGRO,"{'place_id': 282463202, 'licence': 'Data © OpenStreetMap contributors, ODbL 1.0. https://osm.org/copyright', 'osm_type': 'relation', 'osm_id': 295896, 'lat': '-26.3910794', 'lon': '-70.0459281', 'display_name': 'Diego de Almagro, Provincia de Chañaral, Región de Atacama, 1500000, Chile', 'address': {'town': 'Diego de Almagro', 'county': 'Provincia de Chañaral', 'state': 'Región de Atacama', 'postcode': '1500000', 'country': 'Chile', 'country_code': 'cl'}, 'boundingbox': ['-26.9205329', '-25.2868441', '-70.2104013', '-68.3678335']}"
49,76,5885,-26.584540000000004,-69.9705,325.01,1.0,1.0,2022-01-14,1448,T,70,6.1NRT,305.47,4.64,D,"-26.584540000000004,-69.9705","Cruce C-17 (Aguada Los Pimientos) - Cruce C-233 (Mina Lolita), Diego de Almagro, Provincia de Chañaral, Región de Atacama, Chile",Cruce C-17 (Aguada Los Pimientos) - Cruce C-233 (Mina Lolita),,Provincia de Chañaral,Región de Atacama,Chile,cl,,Diego de Almagro,,,,,,,,,,,,,,,,,Diego de Almagro,3,32,3202,DIEGO DE ALMAGRO,"{'place_id': 282463202, 'licence': 'Data © OpenStreetMap contributors, ODbL 1.0. https://osm.org/copyright', 'osm_type': 'relation', 'osm_id': 295896, 'lat': '-26.3910794', 'lon': '-70.0459281', 'display_name': 'Diego de Almagro, Provincia de Chañaral, Región de Atacama, 1500000, Chile', 'address': {'town': 'Diego de Almagro', 'county': 'Provincia de Chañaral', 'state': 'Región de Atacama', 'postcode': '1500000', 'country': 'Chile', 'country_code': 'cl'}, 'boundingbox': ['-26.9205329', '-25.2868441', '-70.2104013', '-68.3678335']}"
50,77,8099,-34.10407,-70.45396,313.54,1.51,1.21,2022-01-15,616,A,87,6.1NRT,281.08,28.19,N,"-34.10407,-70.45396","Fundicion de Caletones, Tramo 3, Planta Caletones División El Teniente de Codelco, Caletones, Machalí, Provincia de Cachapoal, Región del Libertador General Bernardo O'Higgins, Chile",Tramo 3,,Provincia de Cachapoal,Región del Libertador General Bernardo O'Higgins,Chile,cl,Planta Caletones División El Teniente de Codelco,Machalí,,Caletones,,Fundicion de Caletones,,,,,,,,,,,,,Machalí,6,61,6108,MACHALÍ,"{'place_id': 282577281, 'licence': 'Data © OpenStreetMap contributors, ODbL 1.0. https://osm.org/copyright', 'osm_type': 'relation', 'osm_id': 1664171, 'lat': '-34.182453', 'lon': '-70.6511584', 'display_name': ""Machalí, Provincia de Cachapoal, Región del Libertador General Bernardo O'Higgins, Chile"", 'address': {'town': 'Machalí', 'county': 'Provincia de Cachapoal', 'state': ""Región del Libertador General Bernardo O'Higgins"", 'country': 'Chile', 'country_code': 'cl'}, 'boundingbox': ['-34.703403', '-34.0090745', '-70.7244661', '-70.0096881']}"
51,78,9077,-37.467420000000004,-72.36964,311.66,3.73,1.81,2022-01-15,1535,T,43,6.1NRT,295.35,37.47,D,"-37.467420000000004,-72.36964","Los Claveles, Villa Los Ángeles, Los Ángeles, Provincia de Bío-Bío, Región del Biobío, 8340422, Chile",Los Claveles,Los Ángeles,Provincia de Bío-Bío,Región del Biobío,Chile,cl,,,,,8340422,,Villa Los Ángeles,,,,,,,,,,,,Los Ángeles,8,83,8301,LOS ÁNGELES,"{'place_id': 45903644, 'licence': 'Data © OpenStreetMap contributors, ODbL 1.0. https://osm.org/copyright', 'osm_type': 'node', 'osm_id': 3830194075, 'lat': '-37.4164364', 'lon': '-72.33436', 'display_name': 'San Marcos, Los Ángeles, Provincia de Bío-Bío, Región del Biobío, Chile', 'address': {'hamlet': 'San Marcos', 'city': 'Los Ángeles', 'county': 'Provincia de Bío-Bío', 'state': 'Región del Biobío', 'country': 'Chile', 'country_code': 'cl'}, 'boundingbox': ['-37.4364364', '-37.3964364', '-72.35436', '-72.31436']}"
52,86,9160,-34.11414,-70.45888000000001,328.16,1.55,1.23,2022-01-15,1819,A,62,6.1NRT,310.19,18.51,D,"-34.11414,-70.45888000000001","Caletones, Machalí, Provincia de Cachapoal, Región del Libertador General Bernardo O'Higgins, Chile",,,Provincia de Cachapoal,Región del Libertador General Bernardo O'Higgins,Chile,cl,,Machalí,,Caletones,,,,,,,,,,,,,,,Machalí,6,61,6108,MACHALÍ,"{'place_id': 282577281, 'licence': 'Data © OpenStreetMap contributors, ODbL 1.0. https://osm.org/copyright', 'osm_type': 'relation', 'osm_id': 1664171, 'lat': '-34.182453', 'lon': '-70.6511584', 'display_name': ""Machalí, Provincia de Cachapoal, Región del Libertador General Bernardo O'Higgins, Chile"", 'address': {'town': 'Machalí', 'county': 'Provincia de Cachapoal', 'state': ""Región del Libertador General Bernardo O'Higgins"", 'country': 'Chile', 'country_code': 'cl'}, 'boundingbox': ['-34.703403', '-34.0090745', '-70.7244661', '-70.0096881']}"
53,87,9509,-27.41958,-70.26437,328.83,1.25,1.11,2022-01-15,1821,A,77,6.1NRT,307.46,14.53,D,"-27.41958,-70.26437","Chañarcillo, Villa Las Industrias, Paipote, Copiapó, Provincia de Copiapó, Región de Atacama, 1535590, Chile",Chañarcillo,Copiapó,Provincia de Copiapó,Región de Atacama,Chile,cl,,,,,1535590,,Villa Las Industrias,,Paipote,,,,,,,,,,Copiapó,3,31,3101,COPIAPÓ,"{'place_id': 282378324, 'licence': 'Data © OpenStreetMap contributors, ODbL 1.0. https://osm.org/copyright', 'osm_type': 'relation', 'osm_id': 295922, 'lat': '-27.3664685', 'lon': '-70.3322753', 'display_name': 'Copiapó, Provincia de Copiapó, Región de Atacama, Chile', 'address': {'city': 'Copiapó', 'county': 'Provincia de Copiapó', 'state': 'Región de Atacama', 'country': 'Chile', 'country_code': 'cl'}, 'boundingbox': ['-28.183388', '-26.6643281', '-71.14235', '-68.2632053']}"
54,88,9854,-37.82262,-72.12704000000001,300.33,1.0,1.0,2022-01-16,334,T,25,6.1NRT,284.14,6.27,N,"-37.82262,-72.12704000000001","Santa Emilia, Mulchén, Provincia de Bío-Bío, Región del Biobío, Chile",,,Provincia de Bío-Bío,Región del Biobío,Chile,cl,,Mulchén,,Santa Emilia,,,,,,,,,,,,,,,Mulchén,8,83,8308,MULCHÉN,"{'place_id': 282604019, 'licence': 'Data © OpenStreetMap contributors, ODbL 1.0. https://osm.org/copyright', 'osm_type': 'relation', 'osm_id': 1658516, 'lat': '-37.7200884', 'lon': '-72.2441345', 'display_name': 'Mulchén, Provincia de Bío-Bío, Región del Biobío, 0000444, Chile', 'address': {'town': 'Mulchén', 'county': 'Provincia de Bío-Bío', 'state': 'Región del Biobío', 'postcode': '0000444', 'country': 'Chile', 'country_code': 'cl'}, 'boundingbox': ['-38.1886283', '-37.5566764', '-72.530735', '-71.6131235']}"
55,88,9854,-37.82262,-72.12704000000001,300.33,1.0,1.0,2022-01-16,334,T,25,6.1NRT,284.14,6.27,N,"-37.82262,-72.12704000000001","Santa Emilia, Mulchén, Provincia de Bío-Bío, Región del Biobío, Chile",,,Provincia de Bío-Bío,Región del Biobío,Chile,cl,,Mulchén,,Santa Emilia,,,,,,,,,,,,,,,Mulchén,8,83,8305,MULCHÉN,"{'place_id': 63959585, 'licence': 'Data © OpenStreetMap contributors, ODbL 1.0. https://osm.org/copyright', 'osm_type': 'node', 'osm_id': 5866527369, 'lat': '-37.8567702', 'lon': '-72.0990336', 'display_name': 'San Miguel Dos, Mulchén, Provincia de Bío-Bío, Región del Biobío, Chile', 'address': {'hamlet': 'San Miguel Dos', 'town': 'Mulchén', 'county': 'Provincia de Bío-Bío', 'state': 'Región del Biobío', 'country': 'Chile', 'country_code': 'cl'}, 'boundingbox': ['-37.8767702', '-37.8367702', '-72.1190336', '-72.0790336']}"
56,89,9855,-37.82421,-72.13846,360.06,1.0,1.0,2022-01-16,334,T,100,6.1NRT,287.32,89.67,N,"-37.82421,-72.13846","Cruce Q-805 (Las Tosacas) - Cruce Q-851 (San Miguel), Santa Emilia, Mulchén, Provincia de Bío-Bío, Región del Biobío, Chile",Cruce Q-805 (Las Tosacas) - Cruce Q-851 (San Miguel),,Provincia de Bío-Bío,Región del Biobío,Chile,cl,,Mulchén,,Santa Emilia,,,,,,,,,,,,,,,Mulchén,8,83,8308,MULCHÉN,"{'place_id': 282604019, 'licence': 'Data © OpenStreetMap contributors, ODbL 1.0. https://osm.org/copyright', 'osm_type': 'relation', 'osm_id': 1658516, 'lat': '-37.7200884', 'lon': '-72.2441345', 'display_name': 'Mulchén, Provincia de Bío-Bío, Región del Biobío, 0000444, Chile', 'address': {'town': 'Mulchén', 'county': 'Provincia de Bío-Bío', 'state': 'Región del Biobío', 'postcode': '0000444', 'country': 'Chile', 'country_code': 'cl'}, 'boundingbox': ['-38.1886283', '-37.5566764', '-72.530735', '-71.6131235']}"
57,89,9855,-37.82421,-72.13846,360.06,1.0,1.0,2022-01-16,334,T,100,6.1NRT,287.32,89.67,N,"-37.82421,-72.13846","Cruce Q-805 (Las Tosacas) - Cruce Q-851 (San Miguel), Santa Emilia, Mulchén, Provincia de Bío-Bío, Región del Biobío, Chile",Cruce Q-805 (Las Tosacas) - Cruce Q-851 (San Miguel),,Provincia de Bío-Bío,Región del Biobío,Chile,cl,,Mulchén,,Santa Emilia,,,,,,,,,,,,,,,Mulchén,8,83,8305,MULCHÉN,"{'place_id': 63959585, 'licence': 'Data © OpenStreetMap contributors, ODbL 1.0. https://osm.org/copyright', 'osm_type': 'node', 'osm_id': 5866527369, 'lat': '-37.8567702', 'lon': '-72.0990336', 'display_name': 'San Miguel Dos, Mulchén, Provincia de Bío-Bío, Región del Biobío, Chile', 'address': {'hamlet': 'San Miguel Dos', 'town': 'Mulchén', 'county': 'Provincia de Bío-Bío', 'state': 'Región del Biobío', 'country': 'Chile', 'country_code': 'cl'}, 'boundingbox': ['-37.8767702', '-37.8367702', '-72.1190336', '-72.0790336']}"
58,90,9856,-34.10485,-70.45169,308.64,1.1,1.05,2022-01-16,336,T,75,6.1NRT,286.31,12.65,N,"-34.10485,-70.45169","Fundicion de Caletones, Tramo 3, Planta Caletones División El Teniente de Codelco, Caletones, Machalí, Provincia de Cachapoal, Región del Libertador General Bernardo O'Higgins, Chile",Tramo 3,,Provincia de Cachapoal,Región del Libertador General Bernardo O'Higgins,Chile,cl,Planta Caletones División El Teniente de Codelco,Machalí,,Caletones,,Fundicion de Caletones,,,,,,,,,,,,,Machalí,6,61,6108,MACHALÍ,"{'place_id': 282577281, 'licence': 'Data © OpenStreetMap contributors, ODbL 1.0. https://osm.org/copyright', 'osm_type': 'relation', 'osm_id': 1664171, 'lat': '-34.182453', 'lon': '-70.6511584', 'display_name': ""Machalí, Provincia de Cachapoal, Región del Libertador General Bernardo O'Higgins, Chile"", 'address': {'town': 'Machalí', 'county': 'Provincia de Cachapoal', 'state': ""Región del Libertador General Bernardo O'Higgins"", 'country': 'Chile', 'country_code': 'cl'}, 'boundingbox': ['-34.703403', '-34.0090745', '-70.7244661', '-70.0096881']}"
59,91,9857,-34.10673,-70.46323000000001,307.78,1.1,1.05,2022-01-16,336,T,73,6.1NRT,283.97,11.91,N,"-34.10673,-70.46323000000001","Planta Caletones División El Teniente de Codelco, Caletones, Machalí, Provincia de Cachapoal, Región del Libertador General Bernardo O'Higgins, Chile",,,Provincia de Cachapoal,Región del Libertador General Bernardo O'Higgins,Chile,cl,Planta Caletones División El Teniente de Codelco,Machalí,,Caletones,,,,,,,,,,,,,,,Machalí,6,61,6108,MACHALÍ,"{'place_id': 282577281, 'licence': 'Data © OpenStreetMap contributors, ODbL 1.0. https://osm.org/copyright', 'osm_type': 'relation', 'osm_id': 1664171, 'lat': '-34.182453', 'lon': '-70.6511584', 'display_name': ""Machalí, Provincia de Cachapoal, Región del Libertador General Bernardo O'Higgins, Chile"", 'address': {'town': 'Machalí', 'county': 'Provincia de Cachapoal', 'state': ""Región del Libertador General Bernardo O'Higgins"", 'country': 'Chile', 'country_code': 'cl'}, 'boundingbox': ['-34.703403', '-34.0090745', '-70.7244661', '-70.0096881']}"
60,92,10581,-34.10727,-70.4568,321.98,1.03,1.01,2022-01-16,1439,T,29,6.1NRT,302.9,10.99,D,"-34.10727,-70.4568","Planta Caletones División El Teniente de Codelco, Caletones, Machalí, Provincia de Cachapoal, Región del Libertador General Bernardo O'Higgins, Chile",,,Provincia de Cachapoal,Región del Libertador General Bernardo O'Higgins,Chile,cl,Planta Caletones División El Teniente de Codelco,Machalí,,Caletones,,,,,,,,,,,,,,,Machalí,6,61,6108,MACHALÍ,"{'place_id': 282577281, 'licence': 'Data © OpenStreetMap contributors, ODbL 1.0. https://osm.org/copyright', 'osm_type': 'relation', 'osm_id': 1664171, 'lat': '-34.182453', 'lon': '-70.6511584', 'display_name': ""Machalí, Provincia de Cachapoal, Región del Libertador General Bernardo O'Higgins, Chile"", 'address': {'town': 'Machalí', 'county': 'Provincia de Cachapoal', 'state': ""Región del Libertador General Bernardo O'Higgins"", 'country': 'Chile', 'country_code': 'cl'}, 'boundingbox': ['-34.703403', '-34.0090745', '-70.7244661', '-70.0096881']}"
61,93,10582,-36.61329,-72.94821,309.92,1.16,1.07,2022-01-16,1439,T,17,6.1NRT,297.83,8.04,D,"-36.61329,-72.94821","2019, Santiago Osorio, Cerro Estanque, Tomé, Provincia de Concepción, Región del Biobío, 4161024, Chile",Santiago Osorio,,Provincia de Concepción,Región del Biobío,Chile,cl,,Tomé,,,4161024,,Cerro Estanque,,,,,,,,,,,,Tomé,8,81,8111,TOMÉ,"{'place_id': 68397269, 'licence': 'Data © OpenStreetMap contributors, ODbL 1.0. https://osm.org/copyright', 'osm_type': 'node', 'osm_id': 6243708671, 'lat': '-36.6235962', 'lon': '-72.8678405', 'display_name': 'Chuponal, Tomé, Provincia de Concepción, Región del Biobío, Chile', 'address': {'hamlet': 'Chuponal', 'town': 'Tomé', 'county': 'Provincia de Concepción', 'state': 'Región del Biobío', 'country': 'Chile', 'country_code': 'cl'}, 'boundingbox': ['-36.6435962', '-36.6035962', '-72.8878405', '-72.8478405']}"
62,94,10583,-37.08429,-73.15117,310.86,1.16,1.07,2022-01-16,1439,T,0,6.1NRT,297.91,9.34,D,"-37.08429,-73.15117","Las Estrellas, Lota, Provincia de Concepción, Región del Biobío, Chile",Las Estrellas,,Provincia de Concepción,Región del Biobío,Chile,cl,,Lota,,,,,,,,,,,,,,,,,Lota,8,81,8106,LOTA,"{'place_id': 57147636, 'licence': 'Data © OpenStreetMap contributors, ODbL 1.0. https://osm.org/copyright', 'osm_type': 'node', 'osm_id': 5047073626, 'lat': '-37.1134548', 'lon': '-73.1183642', 'display_name': 'Casas Viejas, Lota, Provincia de Concepción, Región del Biobío, Chile', 'address': {'isolated_dwelling': 'Casas Viejas', 'town': 'Lota', 'county': 'Provincia de Concepción', 'state': 'Región del Biobío', 'country': 'Chile', 'country_code': 'cl'}, 'boundingbox': ['-37.1135048', '-37.1134048', '-73.1184142', '-73.1183142']}"
63,95,10584,-37.475559999999994,-72.37035,315.23,1.08,1.04,2022-01-16,1439,T,25,6.1NRT,299.16,6.94,D,"-37.475559999999994,-72.37035","San Ernesto, Villa Plazas de Santa María, Los Ángeles, Provincia de Bío-Bío, Región del Biobío, 8340422, Chile",San Ernesto,Los Ángeles,Provincia de Bío-Bío,Región del Biobío,Chile,cl,,,,,8340422,,Villa Plazas de Santa María,,,,,,,,,,,,Los Ángeles,8,83,8301,LOS ÁNGELES,"{'place_id': 45903644, 'licence': 'Data © OpenStreetMap contributors, ODbL 1.0. https://osm.org/copyright', 'osm_type': 'node', 'osm_id': 3830194075, 'lat': '-37.4164364', 'lon': '-72.33436', 'display_name': 'San Marcos, Los Ángeles, Provincia de Bío-Bío, Región del Biobío, Chile', 'address': {'hamlet': 'San Marcos', 'city': 'Los Ángeles', 'county': 'Provincia de Bío-Bío', 'state': 'Región del Biobío', 'country': 'Chile', 'country_code': 'cl'}, 'boundingbox': ['-37.4364364', '-37.3964364', '-72.35436', '-72.31436']}"
64,97,13466,-34.103229999999996,-70.45707,307.21,1.08,1.04,2022-01-17,603,A,71,6.1NRT,280.77,13.1,N,"-34.103229999999996,-70.45707","Planta Caletones División El Teniente de Codelco, Caletones, Machalí, Provincia de Cachapoal, Región del Libertador General Bernardo O'Higgins, Chile",,,Provincia de Cachapoal,Región del Libertador General Bernardo O'Higgins,Chile,cl,Planta Caletones División El Teniente de Codelco,Machalí,,Caletones,,,,,,,,,,,,,,,Machalí,6,61,6108,MACHALÍ,"{'place_id': 282577281, 'licence': 'Data © OpenStreetMap contributors, ODbL 1.0. https://osm.org/copyright', 'osm_type': 'relation', 'osm_id': 1664171, 'lat': '-34.182453', 'lon': '-70.6511584', 'display_name': ""Machalí, Provincia de Cachapoal, Región del Libertador General Bernardo O'Higgins, Chile"", 'address': {'town': 'Machalí', 'county': 'Provincia de Cachapoal', 'state': ""Región del Libertador General Bernardo O'Higgins"", 'country': 'Chile', 'country_code': 'cl'}, 'boundingbox': ['-34.703403', '-34.0090745', '-70.7244661', '-70.0096881']}"
65,100,14251,-26.34403,-79.88432,311.51,1.08,1.04,2022-01-17,1520,T,34,6.1NRT,300.4,10.58,D,"-26.34403,-79.88432","Valparaíso, Provincia de Valparaíso, Región de Valparaíso, Chile",,Valparaíso,Provincia de Valparaíso,Región de Valparaíso,Chile,cl,,,,,,,,,,,,,,,,,,,Valparaíso,5,51,5101,VALPARAÍSO,"{'place_id': 192137235, 'licence': 'Data © OpenStreetMap contributors, ODbL 1.0. https://osm.org/copyright', 'osm_type': 'way', 'osm_id': 390543102, 'lat': '-33.12832382778795', 'lon': '-71.57219736161993', 'display_name': 'Vía Circunvalación 2, Condominio Alto Curauma, Curauma, Placilla de Peñuelas, Valparaíso, Provincia de Valparaíso, Región de Valparaíso, Chile', 'address': {'road': 'Vía Circunvalación 2', 'residential': 'Condominio Alto Curauma', 'suburb': 'Curauma', 'town': 'Placilla de Peñuelas', 'city': 'Valparaíso', 'county': 'Provincia de Valparaíso', 'state': 'Región de Valparaíso', 'country': 'Chile', 'country_code': 'cl'}, 'boundingbox': ['-33.128582', '-33.1275838', '-71.5730958', '-71.5718013']}"
66,101,14299,-32.81497,-71.47556,316.44,2.42,1.5,2022-01-17,1520,T,53,6.1NRT,300.24,21.86,D,"-32.81497,-71.47556","Cruce Ruta 5 (Quinquimo) - Papudo - Cruce Ruta 64 (Reñaca Alto), Santa Julia, Quintero, Provincia de Valparaíso, Región de Valparaíso, Chile",Cruce Ruta 5 (Quinquimo) - Papudo - Cruce Ruta 64 (Reñaca Alto),,Provincia de Valparaíso,Región de Valparaíso,Chile,cl,,Quintero,,Santa Julia,,,,,,,,,,,,,,,Quintero,5,51,5107,QUINTERO,"{'place_id': 273331935, 'licence': 'Data © OpenStreetMap contributors, ODbL 1.0. https://osm.org/copyright', 'osm_type': 'way', 'osm_id': 923310522, 'lat': '-32.8456814', 'lon': '-71.4758974', 'display_name': 'Quintero, Provincia de Valparaíso, Región de Valparaíso, Chile', 'address': {'town': 'Quintero', 'county': 'Provincia de Valparaíso', 'state': 'Región de Valparaíso', 'country': 'Chile', 'country_code': 'cl'}, 'boundingbox': ['-32.8463539', '-32.8456814', '-71.4770607', '-71.4758974']}"
67,102,14300,-39.36799,-72.62177,300.01,2.42,1.5,2022-01-17,1522,T,8,6.1NRT,285.38,16.12,D,"-39.36799,-72.62177","Marta Brunet, Loncoche, Provincia de Cautín, Región de la Araucanía, 4970348, Chile",Marta Brunet,,Provincia de Cautín,Región de la Araucanía,Chile,cl,,Loncoche,,,4970348,,,,,,,,,,,,,,Loncoche,9,91,9109,LONCOCHE,"{'place_id': 281002646, 'licence': 'Data © OpenStreetMap contributors, ODbL 1.0. https://osm.org/copyright', 'osm_type': 'way', 'osm_id': 974767436, 'lat': '-39.356244127993676', 'lon': '-72.58196402847004', 'display_name': 'Ruta 5 Sur, Suto, Loncoche, Provincia de Cautín, Región de la Araucanía, 4970348, Chile', 'address': {'road': 'Ruta 5 Sur', 'hamlet': 'Suto', 'town': 'Loncoche', 'county': 'Provincia de Cautín', 'state': 'Región de la Araucanía', 'postcode': '4970348', 'country': 'Chile', 'country_code': 'cl'}, 'boundingbox': ['-39.3570194', '-39.3560974', '-72.584121', '-72.5815558']}"
68,105,16243,-34.10575,-70.46155999999999,311.04,1.01,1.01,2022-01-18,323,T,82,6.1NRT,282.36,14.05,N,"-34.10575,-70.46155999999999","Planta Caletones División El Teniente de Codelco, Caletones, Machalí, Provincia de Cachapoal, Región del Libertador General Bernardo O'Higgins, Chile",,,Provincia de Cachapoal,Región del Libertador General Bernardo O'Higgins,Chile,cl,Planta Caletones División El Teniente de Codelco,Machalí,,Caletones,,,,,,,,,,,,,,,Machalí,6,61,6108,MACHALÍ,"{'place_id': 282577281, 'licence': 'Data © OpenStreetMap contributors, ODbL 1.0. https://osm.org/copyright', 'osm_type': 'relation', 'osm_id': 1664171, 'lat': '-34.182453', 'lon': '-70.6511584', 'display_name': ""Machalí, Provincia de Cachapoal, Región del Libertador General Bernardo O'Higgins, Chile"", 'address': {'town': 'Machalí', 'county': 'Provincia de Cachapoal', 'state': ""Región del Libertador General Bernardo O'Higgins"", 'country': 'Chile', 'country_code': 'cl'}, 'boundingbox': ['-34.703403', '-34.0090745', '-70.7244661', '-70.0096881']}"
69,106,16988,-32.45363,-71.2664,320.88,1.61,1.25,2022-01-18,1424,T,57,6.1NRT,305.27,13.91,D,"-32.45363,-71.2664","Avenida Diego Portales, La Chimba, Quinquimo, Placilla, La Ligua, Provincia de Petorca, Región de Valparaíso, 2030380, Chile",Avenida Diego Portales,La Ligua,Provincia de Petorca,Región de Valparaíso,Chile,cl,,,,Quinquimo,2030380,,La Chimba,,,,,Placilla,,,,,,,La Ligua,5,54,5401,LA LIGUA,"{'place_id': 170467961, 'licence': 'Data © OpenStreetMap contributors, ODbL 1.0. https://osm.org/copyright', 'osm_type': 'way', 'osm_id': 284822696, 'lat': '-32.35329041580833', 'lon': '-71.26803230123987', 'display_name': 'El Trapiche, La Ligua, Provincia de Petorca, Región de Valparaíso, Chile', 'address': {'village': 'El Trapiche', 'city': 'La Ligua', 'county': 'Provincia de Petorca', 'state': 'Región de Valparaíso', 'country': 'Chile', 'country_code': 'cl'}, 'boundingbox': ['-32.3539314', '-32.3300733', '-71.3086508', '-71.2678384']}"
70,107,16989,-33.10178,-70.6591,328.47,1.44,1.19,2022-01-18,1424,T,68,6.1NRT,310.08,14.83,D,"-33.10178,-70.6591","Parque Fotovoltaico Quilapilún, Quilapilún Alto, Colina, Provincia de Chacabuco, Región Metropolitana de Santiago, Chile",,Colina,Provincia de Chacabuco,Región Metropolitana de Santiago,Chile,cl,Parque Fotovoltaico Quilapilún,,,,,,,,,,,Quilapilún Alto,,,,,,,Colina,13,133,13301,COLINA,"{'place_id': 282295424, 'licence': 'Data © OpenStreetMap contributors, ODbL 1.0. https://osm.org/copyright', 'osm_type': 'relation', 'osm_id': 164101, 'lat': '-33.202472', 'lon': '-70.6749147', 'display_name': 'Colina, Provincia de Chacabuco, Región Metropolitana de Santiago, Chile', 'address': {'city': 'Colina', 'county': 'Provincia de Chacabuco', 'state': 'Región Metropolitana de Santiago', 'country': 'Chile', 'country_code': 'cl'}, 'boundingbox': ['-33.34253', '-32.9421947', '-70.7920402', '-70.3725286']}"
71,108,16990,-33.10472,-70.6432,329.39,1.44,1.19,2022-01-18,1424,T,57,6.1NRT,309.88,18.39,D,"-33.10472,-70.6432","Parque Fotovoltaico Quilapilún, Colina, Provincia de Chacabuco, Región Metropolitana de Santiago, Chile",,Colina,Provincia de Chacabuco,Región Metropolitana de Santiago,Chile,cl,Parque Fotovoltaico Quilapilún,,,,,,,,,,,,,,,,,,Colina,13,133,13301,COLINA,"{'place_id': 282295424, 'licence': 'Data © OpenStreetMap contributors, ODbL 1.0. https://osm.org/copyright', 'osm_type': 'relation', 'osm_id': 164101, 'lat': '-33.202472', 'lon': '-70.6749147', 'display_name': 'Colina, Provincia de Chacabuco, Región Metropolitana de Santiago, Chile', 'address': {'city': 'Colina', 'county': 'Provincia de Chacabuco', 'state': 'Región Metropolitana de Santiago', 'country': 'Chile', 'country_code': 'cl'}, 'boundingbox': ['-33.34253', '-32.9421947', '-70.7920402', '-70.3725286']}"
72,109,16991,-37.48278,-73.33958,306.92,1.66,1.27,2022-01-18,1426,T,51,6.1NRT,294.65,12.25,D,"-37.48278,-73.33958","Federico Salgado, Población Eleuterio Ramírez, Curanilahue, Provincia de Arauco, Región del Biobío, Chile",Federico Salgado,,Provincia de Arauco,Región del Biobío,Chile,cl,,Curanilahue,,,,,Población Eleuterio Ramírez,,,,,,,,,,,,Curanilahue,8,82,8205,CURANILAHUE,"{'place_id': 202587905, 'licence': 'Data © OpenStreetMap contributors, ODbL 1.0. https://osm.org/copyright', 'osm_type': 'way', 'osm_id': 454787973, 'lat': '-37.4854007', 'lon': '-73.2352821', 'display_name': 'Cruce Q-44-P (Curanilahue) - Cruce P-334 (Las Quemas), Población Forestal, Piedras Lisas, Curanilahue, Provincia de Arauco, Región del Biobío, Chile', 'address': {'road': 'Cruce Q-44-P (Curanilahue) - Cruce P-334 (Las Quemas)', 'neighbourhood': 'Población Forestal', 'hamlet': 'Piedras Lisas', 'town': 'Curanilahue', 'county': 'Provincia de Arauco', 'state': 'Región del Biobío', 'country': 'Chile', 'country_code': 'cl'}, 'boundingbox': ['-37.4970482', '-37.4809451', '-73.3221244', '-73.2065287']}"
73,110,16992,-39.37037,-72.6271,306.56,1.39,1.17,2022-01-18,1426,T,26,6.1NRT,295.33,7.37,D,"-39.37037,-72.6271","Banco Estado, Martínez de Rozas, Loncoche, Provincia de Cautín, Región de la Araucanía, 4970348, Chile",Martínez de Rozas,,Provincia de Cautín,Región de la Araucanía,Chile,cl,,Loncoche,,,4970348,,,,,Banco Estado,,,,,,,,,Loncoche,9,91,9109,LONCOCHE,"{'place_id': 281002646, 'licence': 'Data © OpenStreetMap contributors, ODbL 1.0. https://osm.org/copyright', 'osm_type': 'way', 'osm_id': 974767436, 'lat': '-39.356244127993676', 'lon': '-72.58196402847004', 'display_name': 'Ruta 5 Sur, Suto, Loncoche, Provincia de Cautín, Región de la Araucanía, 4970348, Chile', 'address': {'road': 'Ruta 5 Sur', 'hamlet': 'Suto', 'town': 'Loncoche', 'county': 'Provincia de Cautín', 'state': 'Región de la Araucanía', 'postcode': '4970348', 'country': 'Chile', 'country_code': 'cl'}, 'boundingbox': ['-39.3570194', '-39.3560974', '-72.584121', '-72.5815558']}"
74,111,16993,-41.3972,-72.90688,305.61,1.31,1.14,2022-01-18,1426,T,35,6.1NRT,291.52,5.74,D,"-41.3972,-72.90688","Los Alerces, Puerto Alerce, Alerce, Puerto Montt, Provincia de Llanquihue, Región de Los Lagos, Chile",Los Alerces,Puerto Montt,Provincia de Llanquihue,Región de Los Lagos,Chile,cl,,Alerce,,,,,Puerto Alerce,,,,,,,,,,,,Puerto Montt,10,101,10101,PUERTO MONTT,"{'place_id': 107050814, 'licence': 'Data © OpenStreetMap contributors, ODbL 1.0. https://osm.org/copyright', 'osm_type': 'way', 'osm_id': 25733597, 'lat': '-41.49145729702038', 'lon': '-72.79511576538215', 'display_name': 'Camino Parpalén, Parpalén, Puerto Montt, Provincia de Llanquihue, Región de Los Lagos, Chile', 'address': {'road': 'Camino Parpalén', 'hamlet': 'Parpalén', 'city': 'Puerto Montt', 'county': 'Provincia de Llanquihue', 'state': 'Región de Los Lagos', 'country': 'Chile', 'country_code': 'cl'}, 'boundingbox': ['-41.5033824', '-41.490966', '-72.8018639', '-72.7926581']}"
75,112,16994,-42.46741,-73.77846,306.55,1.37,1.16,2022-01-18,1429,T,40,6.1NRT,293.83,7.85,D,"-42.46741,-73.77846","Regidor Luis Jiménez Pérez, Altos de Chiloé, Castro, Provincia de Chiloé, Región de Los Lagos, 5700196, Chile",Regidor Luis Jiménez Pérez,Castro,Provincia de Chiloé,Región de Los Lagos,Chile,cl,,,,,5700196,,Altos de Chiloé,,,,,,,,,,,,Castro,10,102,10201,CASTRO,"{'place_id': 218423956, 'licence': 'Data © OpenStreetMap contributors, ODbL 1.0. https://osm.org/copyright', 'osm_type': 'way', 'osm_id': 553821971, 'lat': '-42.473254343723355', 'lon': '-73.80041591108142', 'display_name': 'Francisco Gallardo, Gamboa Alto, Castro, Provincia de Chiloé, Región de Los Lagos, 5700196, Chile', 'address': {'road': 'Francisco Gallardo', 'neighbourhood': 'Gamboa Alto', 'city': 'Castro', 'county': 'Provincia de Chiloé', 'state': 'Región de Los Lagos', 'postcode': '5700196', 'country': 'Chile', 'country_code': 'cl'}, 'boundingbox': ['-42.4840373', '-42.4662239', '-73.808095', '-73.7873549']}"
76,113,17702,-29.15561,-70.87475,337.92,1.23,1.1,2022-01-18,1851,A,84,6.1NRT,316.11,22.08,D,"-29.15561,-70.87475","La Higuera, Provincia de Elqui, Región de Coquimbo, Chile",,,Provincia de Elqui,Región de Coquimbo,Chile,cl,,La Higuera,,,,,,,,,,,,,,,,,La Higuera,4,41,4104,LA HIGUERA,"{'place_id': 225591300, 'licence': 'Data © OpenStreetMap contributors, ODbL 1.0. https://osm.org/copyright', 'osm_type': 'way', 'osm_id': 611217224, 'lat': '-29.377761', 'lon': '-70.901836', 'display_name': 'Cruce Ruta 5 (Punta Colorada) - Tres Cruces - Las Breas, Los Morros Poniente, Punta Colorada, La Higuera, Provincia de Elqui, Región de Coquimbo, Chile', 'address': {'road': 'Cruce Ruta 5 (Punta Colorada) - Tres Cruces - Las Breas', 'isolated_dwelling': 'Los Morros Poniente', 'village': 'Punta Colorada', 'town': 'La Higuera', 'county': 'Provincia de Elqui', 'state': 'Región de Coquimbo', 'country': 'Chile', 'country_code': 'cl'}, 'boundingbox': ['-29.4518601', '-29.3598316', '-71.0164135', '-70.7522509']}"
77,114,17703,-29.147879999999997,-70.8895,334.89,1.22,1.1,2022-01-18,1851,A,81,6.1NRT,315.2,16.95,D,"-29.147879999999997,-70.8895","La Higuera, Provincia de Elqui, Región de Coquimbo, Chile",,,Provincia de Elqui,Región de Coquimbo,Chile,cl,,La Higuera,,,,,,,,,,,,,,,,,La Higuera,4,41,4104,LA HIGUERA,"{'place_id': 225591300, 'licence': 'Data © OpenStreetMap contributors, ODbL 1.0. https://osm.org/copyright', 'osm_type': 'way', 'osm_id': 611217224, 'lat': '-29.377761', 'lon': '-70.901836', 'display_name': 'Cruce Ruta 5 (Punta Colorada) - Tres Cruces - Las Breas, Los Morros Poniente, Punta Colorada, La Higuera, Provincia de Elqui, Región de Coquimbo, Chile', 'address': {'road': 'Cruce Ruta 5 (Punta Colorada) - Tres Cruces - Las Breas', 'isolated_dwelling': 'Los Morros Poniente', 'village': 'Punta Colorada', 'town': 'La Higuera', 'county': 'Provincia de Elqui', 'state': 'Región de Coquimbo', 'country': 'Chile', 'country_code': 'cl'}, 'boundingbox': ['-29.4518601', '-29.3598316', '-71.0164135', '-70.7522509']}"
78,115,17721,-42.47335,-73.77962,311.29,1.18,1.08,2022-01-18,1847,A,0,6.1NRT,299.01,7.13,D,"-42.47335,-73.77962","Alcalde Tulio Alvarado, Manuel Rodríguez, Castro, Provincia de Chiloé, Región de Los Lagos, 5700196, Chile",Alcalde Tulio Alvarado,Castro,Provincia de Chiloé,Región de Los Lagos,Chile,cl,,,,,5700196,,Manuel Rodríguez,,,,,,,,,,,,Castro,10,102,10201,CASTRO,"{'place_id': 218423956, 'licence': 'Data © OpenStreetMap contributors, ODbL 1.0. https://osm.org/copyright', 'osm_type': 'way', 'osm_id': 553821971, 'lat': '-42.473254343723355', 'lon': '-73.80041591108142', 'display_name': 'Francisco Gallardo, Gamboa Alto, Castro, Provincia de Chiloé, Región de Los Lagos, 5700196, Chile', 'address': {'road': 'Francisco Gallardo', 'neighbourhood': 'Gamboa Alto', 'city': 'Castro', 'county': 'Provincia de Chiloé', 'state': 'Región de Los Lagos', 'postcode': '5700196', 'country': 'Chile', 'country_code': 'cl'}, 'boundingbox': ['-42.4840373', '-42.4662239', '-73.808095', '-73.7873549']}"
79,116,17722,-41.87893,-73.80778000000001,306.69,1.17,1.08,2022-01-18,1847,A,35,6.1NRT,292.73,5.93,D,"-41.87893,-73.80778000000001","Las Quemas, Altos de Caracoles, Pudeto Bajo, Ancud, Provincia de Chiloé, Región de Los Lagos, 57000, Chile",Las Quemas,,Provincia de Chiloé,Región de Los Lagos,Chile,cl,,Ancud,,,57000,,Altos de Caracoles,,Pudeto Bajo,,,,,,,,,,Ancud,10,102,10202,ANCUD,"{'place_id': 14545693, 'licence': 'Data © OpenStreetMap contributors, ODbL 1.0. https://osm.org/copyright', 'osm_type': 'node', 'osm_id': 1562506668, 'lat': '-42.0262161', 'lon': '-73.793279', 'display_name': 'Quichitué, Ancud, Provincia de Chiloé, Región de Los Lagos, Chile', 'address': {'hamlet': 'Quichitué', 'town': 'Ancud', 'county': 'Provincia de Chiloé', 'state': 'Región de Los Lagos', 'country': 'Chile', 'country_code': 'cl'}, 'boundingbox': ['-42.0462161', '-42.0062161', '-73.813279', '-73.773279']}"
80,117,17723,-37.629670000000004,-73.46092,310.17,1.05,1.02,2022-01-18,1849,A,27,6.1NRT,299.68,6.77,D,"-37.629670000000004,-73.46092","Los Álamos, Provincia de Arauco, Región del Biobío, Chile",,,Provincia de Arauco,Región del Biobío,Chile,cl,,Los Álamos,,,,,,,,,,,,,,,,,Los Álamos,8,82,8206,,
81,118,17724,-34.98876,-71.26456,327.05,1.03,1.01,2022-01-18,1849,A,36,6.1NRT,305.21,10.87,D,"-34.98876,-71.26456","Villa Universo, Curicó, Provincia de Curicó, Región del Maule, 340000, Chile",,Curicó,Provincia de Curicó,Región del Maule,Chile,cl,,,,,340000,,Villa Universo,,,,,,,,,,,,Curicó,7,73,7301,CURICÓ,"{'place_id': 481779, 'licence': 'Data © OpenStreetMap contributors, ODbL 1.0. https://osm.org/copyright', 'osm_type': 'node', 'osm_id': 214203585, 'lat': '-35.1951605', 'lon': '-70.9105413', 'display_name': 'Colonia Potrero Grande, Curicó, Provincia de Curicó, Región del Maule, Chile', 'address': {'isolated_dwelling': 'Colonia Potrero Grande', 'city': 'Curicó', 'county': 'Provincia de Curicó', 'state': 'Región del Maule', 'country': 'Chile', 'country_code': 'cl'}, 'boundingbox': ['-35.1952105', '-35.1951105', '-70.9105913', '-70.9104913']}"
82,119,17725,-35.04634,-72.06109000000001,342.51,1.0,1.0,2022-01-18,1849,A,90,6.1NRT,295.24,42.27,D,"-35.04634,-72.06109000000001","Cruce K-60 (Monte Grande) - Cruce J-52-K (Puente Huenchullamín), La Orilla, Curepto, Provincia de Talca, Región del Maule, Chile",Cruce K-60 (Monte Grande) - Cruce J-52-K (Puente Huenchullamín),,Provincia de Talca,Región del Maule,Chile,cl,,Curepto,,La Orilla,,,,,,,,,,,,,,,Curepto,7,71,7103,CUREPTO,"{'place_id': 108432136, 'licence': 'Data © OpenStreetMap contributors, ODbL 1.0. https://osm.org/copyright', 'osm_type': 'way', 'osm_id': 28606492, 'lat': '-35.12860280584579', 'lon': '-71.95272053312735', 'display_name': 'Cruce K-60 (Pencahue) - Botalcura - Cruce K-60 (Deuca), Rapilermo Bajo, Curepto, Provincia de Talca, Región del Maule, Chile', 'address': {'road': 'Cruce K-60 (Pencahue) - Botalcura - Cruce K-60 (Deuca)', 'hamlet': 'Rapilermo Bajo', 'town': 'Curepto', 'county': 'Provincia de Talca', 'state': 'Región del Maule', 'country': 'Chile', 'country_code': 'cl'}, 'boundingbox': ['-35.194076', '-35.1281528', '-71.955296', '-71.832494']}"
83,120,18299,-34.10785,-70.458,302.64,3.02,1.65,2022-01-19,406,T,50,6.1NRT,282.66,42.51,N,"-34.10785,-70.458","Planta Caletones División El Teniente de Codelco, Caletones, Machalí, Provincia de Cachapoal, Región del Libertador General Bernardo O'Higgins, Chile",,,Provincia de Cachapoal,Región del Libertador General Bernardo O'Higgins,Chile,cl,Planta Caletones División El Teniente de Codelco,Machalí,,Caletones,,,,,,,,,,,,,,,Machalí,6,61,6108,MACHALÍ,"{'place_id': 282577281, 'licence': 'Data © OpenStreetMap contributors, ODbL 1.0. https://osm.org/copyright', 'osm_type': 'relation', 'osm_id': 1664171, 'lat': '-34.182453', 'lon': '-70.6511584', 'display_name': ""Machalí, Provincia de Cachapoal, Región del Libertador General Bernardo O'Higgins, Chile"", 'address': {'town': 'Machalí', 'county': 'Provincia de Cachapoal', 'state': ""Región del Libertador General Bernardo O'Higgins"", 'country': 'Chile', 'country_code': 'cl'}, 'boundingbox': ['-34.703403', '-34.0090745', '-70.7244661', '-70.0096881']}"
84,121,18434,-23.82343,-70.31313,305.07,1.3,1.13,2022-01-19,548,A,63,6.1NRT,287.31,13.11,N,"-23.82343,-70.31313","Ruta 5 Norte, Antofagasta, Provincia de Antofagasta, Región de Antofagasta, Chile",Ruta 5 Norte,Antofagasta,Provincia de Antofagasta,Región de Antofagasta,Chile,cl,,,,,,,,,,,,,,,,,,,Antofagasta,2,21,2101,ANTOFAGASTA,"{'place_id': 282607959, 'licence': 'Data © OpenStreetMap contributors, ODbL 1.0. https://osm.org/copyright', 'osm_type': 'relation', 'osm_id': 1561898, 'lat': '-23.6463741', 'lon': '-70.3980033', 'display_name': 'Antofagasta, Provincia de Antofagasta, Región de Antofagasta, Chile', 'address': {'city': 'Antofagasta', 'county': 'Provincia de Antofagasta', 'state': 'Región de Antofagasta', 'country': 'Chile', 'country_code': 'cl'}, 'boundingbox': ['-25.4019573', '-23.0584154', '-70.6286037', '-68.0670324']}"
85,122,18437,-34.105090000000004,-70.45064,304.92,1.02,1.01,2022-01-19,552,A,62,6.1NRT,283.37,10.07,N,"-34.105090000000004,-70.45064","Fundicion de Caletones, Tramo 3, Planta Caletones División El Teniente de Codelco, Caletones, Machalí, Provincia de Cachapoal, Región del Libertador General Bernardo O'Higgins, Chile",Tramo 3,,Provincia de Cachapoal,Región del Libertador General Bernardo O'Higgins,Chile,cl,Planta Caletones División El Teniente de Codelco,Machalí,,Caletones,,Fundicion de Caletones,,,,,,,,,,,,,Machalí,6,61,6108,MACHALÍ,"{'place_id': 282577281, 'licence': 'Data © OpenStreetMap contributors, ODbL 1.0. https://osm.org/copyright', 'osm_type': 'relation', 'osm_id': 1664171, 'lat': '-34.182453', 'lon': '-70.6511584', 'display_name': ""Machalí, Provincia de Cachapoal, Región del Libertador General Bernardo O'Higgins, Chile"", 'address': {'town': 'Machalí', 'county': 'Provincia de Cachapoal', 'state': ""Región del Libertador General Bernardo O'Higgins"", 'country': 'Chile', 'country_code': 'cl'}, 'boundingbox': ['-34.703403', '-34.0090745', '-70.7244661', '-70.0096881']}"
86,123,18709,-38.442170000000004,-71.88495999999999,307.11,1.7,1.28,2022-01-19,1509,T,56,6.1NRT,294.16,10.18,D,"-38.442170000000004,-71.88495999999999","1035, Riquelme, Curacautín, Provincia de Malleco, Región de la Araucanía, 4700000, Chile",Riquelme,,Provincia de Malleco,Región de la Araucanía,Chile,cl,,Curacautín,,,4700000,,,,,,,,,,,,,,Curacautín,9,92,9203,CURACAUTÍN,"{'place_id': 107394200, 'licence': 'Data © OpenStreetMap contributors, ODbL 1.0. https://osm.org/copyright', 'osm_type': 'way', 'osm_id': 25755195, 'lat': '-38.43129079310873', 'lon': '-71.77128933191058', 'display_name': 'Los Prados - Laguna Blanca, Los Prados, Curacautín, Provincia de Malleco, Región de la Araucanía, Chile', 'address': {'road': 'Los Prados - Laguna Blanca', 'hamlet': 'Los Prados', 'town': 'Curacautín', 'county': 'Provincia de Malleco', 'state': 'Región de la Araucanía', 'country': 'Chile', 'country_code': 'cl'}, 'boundingbox': ['-38.4519284', '-38.3855918', '-71.8212856', '-71.6891438']}"
87,124,18710,-39.29222,-72.2244,307.64,1.66,1.27,2022-01-19,1509,T,33,6.1NRT,293.61,9.8,D,"-39.29222,-72.2244","1436, Ernesto Wagner, Población O'Higgins, Villarrica, Provincia de Cautín, Región de la Araucanía, 4930611, Chile",Ernesto Wagner,,Provincia de Cautín,Región de la Araucanía,Chile,cl,,Villarrica,,,4930611,,Población O'Higgins,,,,,,,,,,,,Villarrica,9,91,9120,VILLARRICA,"{'place_id': 274671213, 'licence': 'Data © OpenStreetMap contributors, ODbL 1.0. https://osm.org/copyright', 'osm_type': 'way', 'osm_id': 933802265, 'lat': '-39.3005192', 'lon': '-72.1842957', 'display_name': 'Altamira, Villarrica, Provincia de Cautín, Región de la Araucanía, 4930611, Chile', 'address': {'hamlet': 'Altamira', 'town': 'Villarrica', 'county': 'Provincia de Cautín', 'state': 'Región de la Araucanía', 'postcode': '4930611', 'country': 'Chile', 'country_code': 'cl'}, 'boundingbox': ['-39.3022089', '-39.2977172', '-72.1883055', '-72.1826387']}"
88,125,18711,-39.3677,-72.62605,306.32,1.58,1.24,2022-01-19,1509,T,50,6.1NRT,293.75,10.71,D,"-39.3677,-72.62605","Pedro Montt, Loncoche, Provincia de Cautín, Región de la Araucanía, 4970348, Chile",Pedro Montt,,Provincia de Cautín,Región de la Araucanía,Chile,cl,,Loncoche,,,4970348,,,,,,,,,,,,,,Loncoche,9,91,9109,LONCOCHE,"{'place_id': 281002646, 'licence': 'Data © OpenStreetMap contributors, ODbL 1.0. https://osm.org/copyright', 'osm_type': 'way', 'osm_id': 974767436, 'lat': '-39.356244127993676', 'lon': '-72.58196402847004', 'display_name': 'Ruta 5 Sur, Suto, Loncoche, Provincia de Cautín, Región de la Araucanía, 4970348, Chile', 'address': {'road': 'Ruta 5 Sur', 'hamlet': 'Suto', 'town': 'Loncoche', 'county': 'Provincia de Cautín', 'state': 'Región de la Araucanía', 'postcode': '4970348', 'country': 'Chile', 'country_code': 'cl'}, 'boundingbox': ['-39.3570194', '-39.3560974', '-72.584121', '-72.5815558']}"
89,126,18712,-33.447990000000004,-70.81651,338.44,1.71,1.28,2022-01-19,1509,T,89,6.1NRT,309.61,54.94,D,"-33.447990000000004,-70.81651","Transversal, Lomas de Lo Aguirre, Pudahuel, Provincia de Santiago, Región Metropolitana de Santiago, Chile",Transversal,Pudahuel,Provincia de Santiago,Región Metropolitana de Santiago,Chile,cl,,,,,,,,,,,,Lomas de Lo Aguirre,,,,,,,Pudahuel,13,131,13124,PUDAHUEL,"{'place_id': 62904577, 'licence': 'Data © OpenStreetMap contributors, ODbL 1.0. https://osm.org/copyright', 'osm_type': 'node', 'osm_id': 5735506074, 'lat': '-33.4326232', 'lon': '-70.8421183', 'display_name': 'Carén, Pudahuel, Provincia de Santiago, Región Metropolitana de Santiago, Chile', 'address': {'hamlet': 'Carén', 'city': 'Pudahuel', 'county': 'Provincia de Santiago', 'state': 'Región Metropolitana de Santiago', 'country': 'Chile', 'country_code': 'cl'}, 'boundingbox': ['-33.4526232', '-33.4126232', '-70.8621183', '-70.8221183']}"
90,127,18713,-33.44982,-70.79793000000001,330.46,1.71,1.28,2022-01-19,1509,T,72,6.1NRT,308.95,31.24,D,"-33.44982,-70.79793000000001","Camino La Farfana, Pudahuel, Provincia de Santiago, Región Metropolitana de Santiago, 9250678, Chile",Camino La Farfana,Pudahuel,Provincia de Santiago,Región Metropolitana de Santiago,Chile,cl,,,,,9250678,,,,,,,,,,,,,,Pudahuel,13,131,13124,PUDAHUEL,"{'place_id': 62904577, 'licence': 'Data © OpenStreetMap contributors, ODbL 1.0. https://osm.org/copyright', 'osm_type': 'node', 'osm_id': 5735506074, 'lat': '-33.4326232', 'lon': '-70.8421183', 'display_name': 'Carén, Pudahuel, Provincia de Santiago, Región Metropolitana de Santiago, Chile', 'address': {'hamlet': 'Carén', 'city': 'Pudahuel', 'county': 'Provincia de Santiago', 'state': 'Región Metropolitana de Santiago', 'country': 'Chile', 'country_code': 'cl'}, 'boundingbox': ['-33.4526232', '-33.4126232', '-70.8621183', '-70.8221183']}"
91,128,18714,-33.459559999999996,-70.81884000000001,325.85,1.71,1.28,2022-01-19,1509,T,59,6.1NRT,307.32,19.91,D,"-33.459559999999996,-70.81884000000001","74, Monte Tabor, Lomas de Lo Aguirre, Pudahuel, Provincia de Santiago, Región Metropolitana de Santiago, Chile",Monte Tabor,Pudahuel,Provincia de Santiago,Región Metropolitana de Santiago,Chile,cl,,,,,,,,,,,,Lomas de Lo Aguirre,,,,,,,Pudahuel,13,131,13124,PUDAHUEL,"{'place_id': 62904577, 'licence': 'Data © OpenStreetMap contributors, ODbL 1.0. https://osm.org/copyright', 'osm_type': 'node', 'osm_id': 5735506074, 'lat': '-33.4326232', 'lon': '-70.8421183', 'display_name': 'Carén, Pudahuel, Provincia de Santiago, Región Metropolitana de Santiago, Chile', 'address': {'hamlet': 'Carén', 'city': 'Pudahuel', 'county': 'Provincia de Santiago', 'state': 'Región Metropolitana de Santiago', 'country': 'Chile', 'country_code': 'cl'}, 'boundingbox': ['-33.4526232', '-33.4126232', '-70.8621183', '-70.8221183']}"
92,129,18715,-36.94562,-73.01179,309.98,1.4,1.17,2022-01-19,1509,T,0,6.1NRT,296.53,12.98,D,"-36.94562,-73.01179","2789, Calle B, Plazas del Sol, Chiguayante, Provincia de Concepción, Región del Biobío, 4100812, Chile",Calle B,,Provincia de Concepción,Región del Biobío,Chile,cl,,Chiguayante,,,4100812,,Plazas del Sol,,,,,,,,,,,,Chiguayante,8,81,8103,CHIGUAYANTE,"{'place_id': 282581093, 'licence': 'Data © OpenStreetMap contributors, ODbL 1.0. https://osm.org/copyright', 'osm_type': 'relation', 'osm_id': 1622086, 'lat': '-36.9292478', 'lon': '-73.0237115', 'display_name': 'Chiguayante, Provincia de Concepción, Región del Biobío, Chile', 'address': {'town': 'Chiguayante', 'county': 'Provincia de Concepción', 'state': 'Región del Biobío', 'country': 'Chile', 'country_code': 'cl'}, 'boundingbox': ['-36.9669008', '-36.8530633', '-73.0610755', '-72.9432428']}"
93,130,18716,-37.47723,-73.34291999999999,310.86,1.37,1.16,2022-01-19,1509,T,25,6.1NRT,296.69,9.88,D,"-37.47723,-73.34291999999999","Buses Silpar, Caupolicán, Cerro Verde, Curanilahue, Provincia de Arauco, Región del Biobío, Chile",Caupolicán,,Provincia de Arauco,Región del Biobío,Chile,cl,,Curanilahue,,,,,Cerro Verde,,,Buses Silpar,,,,,,,,,Curanilahue,8,82,8205,CURANILAHUE,"{'place_id': 202587905, 'licence': 'Data © OpenStreetMap contributors, ODbL 1.0. https://osm.org/copyright', 'osm_type': 'way', 'osm_id': 454787973, 'lat': '-37.4854007', 'lon': '-73.2352821', 'display_name': 'Cruce Q-44-P (Curanilahue) - Cruce P-334 (Las Quemas), Población Forestal, Piedras Lisas, Curanilahue, Provincia de Arauco, Región del Biobío, Chile', 'address': {'road': 'Cruce Q-44-P (Curanilahue) - Cruce P-334 (Las Quemas)', 'neighbourhood': 'Población Forestal', 'hamlet': 'Piedras Lisas', 'town': 'Curanilahue', 'county': 'Provincia de Arauco', 'state': 'Región del Biobío', 'country': 'Chile', 'country_code': 'cl'}, 'boundingbox': ['-37.4970482', '-37.4809451', '-73.3221244', '-73.2065287']}"
